order_id,order_date,customer_id,gross_amount,currency,status,payment_id
order_AHTXHU3L5A0002,2026-05-30,cust_L9AW7BHZVR0004,154924,INR,paid,pay_S8M8GV8NKZ0003
order_FF7EJJ6LS90005,2026-05-30,cust_RQEXBQQAED0007,158629,INR,paid,pay_3PNV1Z494H0006
order_XE8RT7PJ6R0008,2026-05-30,cust_DGD1XGRNN40010,18134,INR,paid,pay_62NGG3Y3250009
order_5RE4GDAFRL0011,2026-05-30,cust_S5U37KNUPD0013,82918,INR,paid,pay_276P1DL0A00012
order_WDD689LD8F0014,2026-05-30,cust_9WSPWRS1JV0016,377837,INR,paid,pay_MEER1HRCF20015
order_EA5GEP8SJY0017,2026-05-30,cust_GJSHGKTUPX0019,206996,INR,partially_refunded,pay_ERZUL4V9AV0018
order_87SDF3TCAX0020,2026-05-30,cust_ZK3JCVZCYP0022,803614,INR,paid,pay_JSL43AHEKC0021
order_2KRLM2BMX20023,2026-05-30,cust_YVQQBN1XTE0025,991717,INR,paid,pay_RTLG0C6QN50024
order_1XBHSMSCG30026,2026-05-30,cust_A9NZ3EXWHV0028,143437,INR,paid,pay_YW38H0NSC30027
order_W1UJN20MV10029,2026-05-30,cust_86LFU8XFRV0031,116957,INR,paid,pay_AVUP3W544P0030
order_BCR6E52N070032,2026-05-30,cust_DRH5J59W480034,559023,INR,paid,pay_1RKAG3QM950033
order_4L64SRT97R0035,2026-05-30,cust_KQ0KPE22X50037,1398970,INR,paid,pay_T4EURTXWFJ0036
order_B1BF3J5MDS0040,2026-05-31,cust_F6BDYQECBR0042,12439739,INR,paid,pay_0WP5WX0T2S0041
order_KRJ6HP5SZL0043,2026-05-31,cust_RGVHCY3ZE80045,1553035,INR,paid,pay_HLVGBV01NE0044
order_7G3Z5K3M9T0046,2026-05-31,cust_50XB7WM7PY0048,120015,INR,partially_refunded,pay_653TWRFT4R0047
order_TA9NFR27R60049,2026-05-31,cust_69Y3XY5TVS0051,240670,INR,paid,pay_74BFUQ1RVZ0050
order_WHMNP6T9UG0052,2026-05-31,cust_DUJ7GAU6640054,60384,INR,paid,pay_NUQZMVAJTC0053
order_S6HE17EDKK0055,2026-05-31,cust_V3VDGPPSFL0057,23368,INR,paid,pay_VFRH2Q90440056
order_LA246UCQUU0058,2026-05-31,cust_KEDLVU4H5V0060,29577,INR,paid,pay_5EQSN3HQKT0059
order_74FC3WSBFQ0061,2026-05-31,cust_7F6Y2XWGLX0063,10396529,INR,paid,pay_BTCM694TM30062
order_1C5FWSWH180064,2026-05-31,cust_PTJU47HBRL0066,854436,INR,paid,pay_A52DN9Z74D0065
order_2FQH5HK7U80067,2026-05-31,cust_JET2X8TAUV0069,1408155,INR,paid,pay_T266R5K0N80068
order_7K46YX05WN0070,2026-05-31,cust_7CJ8XG4G950072,1633996,INR,paid,pay_R0Q2CW600K0071
order_DUYZ3KR92M0075,2026-06-01,cust_5SA5ULE4YV0077,218604,INR,paid,pay_LMF0R7KQ5S0076
order_VN06GR0YUU0078,2026-06-01,cust_NSJGCV4CZJ0080,1208054,INR,paid,pay_B1TAD7UQYQ0079
order_2MNJZ98TLS0081,2026-06-01,cust_F1ASH5ZS0Z0083,7481437,INR,paid,pay_6UXH5EKQ1Z0082
order_BWQE5V2HJC0084,2026-06-01,cust_2K2G72TCZP0086,1238758,INR,paid,pay_CV7HGRJ05Z0085
order_WBMSDJ29HE0090,2026-06-02,cust_V5BD613G740092,748978,INR,paid,pay_64Z8G48QC90091
order_KEJTW09U580093,2026-06-02,cust_12GW3WSZK60095,925517,INR,paid,pay_3GHP34Q2X50094
order_F3GZJDXH2Y0096,2026-06-02,cust_QGYZHTQ3BT0098,32277,INR,paid,pay_3DUVYG8PK60097
order_VXYAMK1EKB0099,2026-06-02,cust_WFDKLDFT430101,194108,INR,paid,pay_F9P025XLZV0100
order_TP8HY3HU790102,2026-06-02,cust_SUWHA73MJ00104,1118606,INR,paid,pay_VCQ1DAPVPJ0103
order_YE1C3B5EW30105,2026-06-02,cust_F3GR319F1V0107,1299126,INR,paid,pay_12UH1BWL5Z0106
order_LE8H98NYYK0108,2026-06-02,cust_54WWK4E64V0110,214141,INR,paid,pay_RGKSNMKEM70109
order_8EV54CDZUE0111,2026-06-02,cust_KD4GXF8MCR0113,988076,INR,paid,pay_F805C4NW680112
order_9LZZU02XDX0114,2026-06-02,cust_YV1JFV0XJ90116,10792411,INR,paid,pay_EXG0USKXFK0115
order_4C2ZR4U4QR0119,2026-06-03,cust_2LNJSD6ZG90121,597160,INR,paid,pay_V6NZ45U0890120
order_LT48K3FQ4Y0122,2026-06-03,cust_QBWGXKJCU60124,209946,INR,paid,pay_B2D18ZR0FZ0123
order_4AFBSPK93H0125,2026-06-03,cust_7B8RKU3AYR0127,1233795,INR,paid,pay_URVHDR25EH0126
order_F9ZE988B060128,2026-06-03,cust_XJCYXM56MJ0130,184060,INR,paid,pay_C0ZSBYEYRG0129
order_CUNCNCWV810131,2026-06-03,cust_Z3140XM77Z0133,1209823,INR,paid,pay_6SCNUYDXTH0132
order_3F3MUWGFWU0134,2026-06-03,cust_TDE1Z8LBK40136,31556,INR,paid,pay_V43L4Y4CY30135
order_ZZ0CK4ZZ4E0137,2026-06-03,cust_790HSS4PU70139,71764,INR,paid,pay_J9Z1WTRHBM0138
order_E4M4FWYEUV0140,2026-06-03,cust_BZZ5JFEV160142,233463,INR,paid,pay_LMZ8QHNJR70141
order_EJWE459YJM0143,2026-06-03,cust_WQY9UFSNTJ0145,117230,INR,paid,pay_J38DH9KVLL0144
order_8LKLXCBFCS0146,2026-06-03,cust_5EDL4265PX0148,445933,INR,paid,pay_P2B7UV6R1V0147
order_WY1JZ8GWR50149,2026-06-03,cust_RLWWNL78570151,235733,INR,paid,pay_HT4RKGDU020150
order_185RPYDDU70152,2026-06-03,cust_C1DNZUE0840154,33505,INR,paid,pay_6UAG3JSZ1Z0153
order_HJG1ZXZKN80155,2026-06-03,cust_K8JWWL1VX80157,173279,INR,paid,pay_18CCCJX6950156
order_PW690WM5XY0161,2026-06-04,cust_7W6YTUH01Y0163,1337757,INR,paid,pay_S6NRTVQVUP0162
order_FY4S6PNTTJ0164,2026-06-04,cust_X6GJAL266N0166,85300,INR,paid,pay_GRRD9QQDG20165
order_DFQCM2MC170167,2026-06-04,cust_7J85TNHXL50169,179218,INR,partially_refunded,pay_MUCAVGXU590168
order_XUNM138WF10170,2026-06-04,cust_4TXVASZRDH0172,279536,INR,paid,pay_GMJ6WRAS0R0171
order_8NKLW94HP70175,2026-06-05,cust_5VB1SAPEC30177,153462,INR,paid,pay_F84D5J825D0176
order_DE6CU2MJ2Z0178,2026-06-05,cust_9JQABV530Q0180,1384902,INR,paid,pay_0400FJYHM10179
order_TNHC2BRPEG0181,2026-06-05,cust_J8UQWWRVK90183,50564,INR,paid,pay_C4DRC14QPD0182
order_DM37DY09W20184,2026-06-05,cust_5D229J0RSP0186,82029,INR,paid,pay_2KV0M6RQVK0185
order_ZFNDT0CENP0187,2026-06-05,cust_P1RWU05YVS0189,1193271,INR,paid,pay_6PXVAPNH6R0188
order_EDA2JQEKAP0193,2026-06-06,cust_B9TUB83MGG0195,229856,INR,paid,pay_85ZD67BA2A0194
order_9SYT1FZ15R0196,2026-06-06,cust_ALF73XG9CQ0198,60213,INR,paid,pay_QVFCF1006D0197
order_6TCETCMWBP0199,2026-06-06,cust_F8YDG3QEX10201,13614660,INR,paid,pay_K1EVLR0X0J0200
order_47QY03M0FU0202,2026-06-06,cust_GFAV4ZTGJF0204,81551,INR,paid,pay_REFTK0K0WZ0203
order_7N5GJVA1X00208,2026-06-07,cust_M1WU7RW0T10210,74542,INR,paid,pay_X4X3JVWN6W0209
order_NMB5P4UE270211,2026-06-07,cust_182CZFGRYL0213,157710,INR,paid,pay_JVRSK30E460212
order_1X3GAGSQ890214,2026-06-07,cust_GU2FHKYVX50216,178991,INR,paid,pay_Q4Z158KYB60215
order_6G44WEVCHB0217,2026-06-07,cust_Q1MM31BN430219,101204,INR,paid,pay_XGLR9MLX350218
order_PTEGMZWN5H0220,2026-06-07,cust_MVFJWHRVHM0222,66207,INR,paid,pay_S79W01HYY50221
order_02J03M7ML70223,2026-06-07,cust_N08727247L0225,1321277,INR,paid,pay_UJMW4DYA7J0224
order_QUCTQUL5780226,2026-06-07,cust_VC4SYF4HRP0228,1919083,INR,paid,pay_HHTZC4P3GR0227
order_3LJPPDYTLW0229,2026-06-07,cust_JRKWR17KT20231,1740559,INR,paid,pay_UUT8GJ2DTJ0230
order_F18TZ57WAF0232,2026-06-07,cust_UXJ7XDCG5B0234,176001,INR,paid,pay_5YE1P3P7TW0233
order_JKE9AL4YPK0239,2026-06-08,cust_WJRTFRUBVP0241,212658,INR,paid,pay_24PFGJH0Y30240
order_1UDR70HR7E0242,2026-06-08,cust_EBEASPCD180244,645620,INR,paid,pay_9AZWJ02ZM60243
order_231FKTFVF80245,2026-06-08,cust_F3H5DVMHAJ0247,1300775,INR,paid,pay_PKW1EV3RDR0246
order_99SLZJTHBX0248,2026-06-08,cust_D7LZLSGHQ80250,100786,INR,paid,pay_3T9ESE758Z0249
order_ARC6Z0KMC20251,2026-06-08,cust_DMQ9C1E5UV0253,236111,INR,paid,pay_QWR2WTEZH80252
order_AZNUVR5Z7N0254,2026-06-08,cust_0VGP9R27DK0256,129633,INR,paid,pay_RKA2BQYAXA0255
order_JRUSW1WW4T0258,2026-06-08,cust_W2HYP4V5SH0260,183555,INR,paid,pay_QENJGKGL450259
order_VCPWKFRY180261,2026-06-08,cust_GJHADQJN1Z0263,189745,INR,paid,pay_DVSMB14RG50262
order_EBEN4JFXHC0264,2026-06-08,cust_YPMTT4KCRU0266,792786,INR,paid,pay_5DL317B03M0265
order_6DFT0J2N9R0267,2026-06-08,cust_MBWQBTD69Y0269,154259,INR,paid,pay_B0Y67Y8W0T0268
order_GRRTDQ0YMM0270,2026-06-08,cust_7CFDQQB96A0272,4678059,INR,paid,pay_RWYBYKN7VM0271
order_JXMWDBKKH90273,2026-06-08,cust_37WMYQM0VU0275,5380011,INR,paid,pay_ZEZ1GXVWJL0274
order_1CMWQG7KXE0276,2026-06-08,cust_REYSGAD0420278,10371,INR,paid,pay_RYWLFX4ASP0277
order_0Y0G6QL4EC0279,2026-06-08,cust_EFX6B3L3LD0281,1284067,INR,paid,pay_UBWSGEXL0L0280
order_6HV167SF0M0284,2026-06-09,cust_QTDKGFY2QD0286,31379,INR,paid,pay_Z0ZM4CS45S0285
order_6R6VF1C89K0287,2026-06-09,cust_3NKSWEF01W0289,1127935,INR,paid,pay_H4MLPNJC3F0288
order_A92H2KKGGG0290,2026-06-09,cust_1K1C1XRD6T0292,238873,INR,paid,pay_UY2S076CMT0291
order_VVT7GQJV4W0293,2026-06-09,cust_D8LEV81J9B0295,224172,INR,paid,pay_T2FN4P279Z0294
order_NDRC5DZNTZ0296,2026-06-09,cust_6YYLSFUB0D0298,228247,INR,paid,pay_581HBRZ74M0297
order_PQQPT28BA60299,2026-06-09,cust_5SP5V91GA80301,1885422,INR,paid,pay_JMAQSVT30Y0300
order_UVG6EXTWTS0302,2026-06-09,cust_7US210CNXQ0304,1495231,INR,paid,pay_VNK9RD1WJB0303
order_Y8VLMUG6JS0305,2026-06-09,cust_SU5H6DE6N80307,1247689,INR,paid,pay_MXFQYQV2XZ0306
order_9V2DKJNX250308,2026-06-09,cust_4TPLL7FJ330310,1050418,INR,paid,pay_KWMF7XMWDA0309
order_0ACNZAW9NB0311,2026-06-09,cust_LECVU599X30313,135047,INR,paid,pay_ARQYVJG08V0312
order_7YNL1BQQJP0314,2026-06-09,cust_GBDH240HS60316,246192,INR,paid,pay_B8LHZC0SDD0315
order_AV2G9TJ2G80317,2026-06-09,cust_Y2ULC7P6XR0319,189662,INR,paid,pay_HUHG7NNS9N0318
order_H7KF8EGSQ50320,2026-06-09,cust_3HGCAJLXY40322,33231,INR,paid,pay_US5DGMCUZW0321
order_FZXMH115T00323,2026-06-09,cust_4M0YBJ67H20325,202069,INR,paid,pay_62LHJDLG260324
order_RF544F74WH0328,2026-06-10,cust_P5XZDQ5X6Z0330,1095733,INR,refunded,pay_7BG12CAFV80329
order_QAXYU9ZGCL0331,2026-06-10,cust_5NXG2CH4580333,208951,INR,paid,pay_7J2GSNNH1P0332
order_9D368MMJG00334,2026-06-10,cust_JJ28VWPNPU0336,2072773,INR,paid,pay_W802RT1XU40335
order_M8WHY62U3A0337,2026-06-10,cust_USKDUPCY4G0339,4225862,INR,paid,pay_9GB0KDDNTL0338
order_Q0R8UD002W0340,2026-06-10,cust_4MEMM8H0C30342,1800828,INR,paid,pay_DASN4QZNNU0341
order_LSAX5KCKWD0343,2026-06-10,cust_8L21FYQPXX0345,522769,INR,paid,pay_V7YEW9QM9E0344
order_96AHY4RRCW0346,2026-06-10,cust_47CUNW8FGL0348,207204,INR,paid,pay_0H0SUB9Z880347
order_EPP3GP3EKB0349,2026-06-10,cust_S20413WB0H0351,174246,INR,refunded,pay_5XCFEDMSEQ0350
order_ECEY8GUVFU0352,2026-06-10,cust_KVZAKHCA1F0354,198718,INR,paid,pay_401B6LQJ1U0353
order_YP28KLMQSN0355,2026-06-10,cust_7XYJRGUENW0357,204261,INR,paid,pay_HMD5EUESGN0356
order_VKZW3LAWRQ0358,2026-06-10,cust_7GMFTJNSEE0360,171470,INR,paid,pay_3TZJX654YV0359
order_B1PCS6KZ1Q0361,2026-06-10,cust_RL8J4LMK6Y0363,1574616,INR,paid,pay_UJ588F1Z8A0362
order_Q91YY76A8J0366,2026-06-11,cust_ZHQ2XH666P0368,108552,INR,paid,pay_4LQE8TPKML0367
order_2BRCJLJ8CK0369,2026-06-11,cust_466LQ2KM8S0371,228361,INR,paid,pay_DLSM91BUFP0370
order_5EQ00JGBN90372,2026-06-11,cust_6JA392ZC930374,968633,INR,paid,pay_82KGM6C8HF0373
order_0YG3JS6QFU0375,2026-06-11,cust_PW2ZGK3SS30377,10088689,INR,paid,pay_2SNAA9H9A00376
order_1P26MZ6SVY0378,2026-06-11,cust_XDL0AFK63F0380,82136,INR,paid,pay_1JHQ4LGP810379
order_EFUYYTQN510384,2026-06-12,cust_H8SS406RX50386,203080,INR,partially_refunded,pay_ASM28GE8UX0385
order_6HSE0QQW2Y0387,2026-06-12,cust_6WYPTMN7NR0389,307358,INR,paid,pay_9ASRUF1XEM0388
order_QNRYKGHF7A0390,2026-06-12,cust_1QJD936C8Y0392,683646,INR,paid,pay_C6ZW7T7M8T0391
order_M5H95WAAP00393,2026-06-12,cust_ZM73P2ZZ1T0395,1877188,INR,paid,pay_GWZSMSRT6X0394
order_QGTR30NKK60396,2026-06-12,cust_D1GLDPS6G40398,44277,INR,paid,pay_AM27J9W7VS0397
order_SYB2HYNMUY0399,2026-06-12,cust_X21EFLXQWW0401,104352,INR,paid,pay_W874F0U5KL0400
order_1T4Z942LMB0402,2026-06-12,cust_6DB19FGSKF0404,1519584,INR,paid,pay_JRSFPL1GGE0403
order_2SKVAA9JYU0407,2026-06-13,cust_ZN231RL00Q0409,105787,INR,paid,pay_6A76VA3UQA0408
order_R9TUT2NEMJ0410,2026-06-13,cust_DBMGUTJ4AQ0412,173824,INR,paid,pay_UH54T7NWBK0411
order_PX2V7Z5CXF0413,2026-06-13,cust_AHR04RCN5G0415,139288,INR,paid,pay_KDT1E6MNS00414
order_60VWLC9HS60416,2026-06-13,cust_LTH1RAC6KZ0418,687145,INR,paid,pay_VNZDPHR3WA0417
order_FXDDYKGJ7Q0419,2026-06-13,cust_74U7NMYW5T0421,140950,INR,paid,pay_WY4NB0YJSC0420
order_2WHG9ECJMC0424,2026-06-14,cust_DZQEAP7F5D0426,926541,INR,paid,pay_NG7NGC079S0425
order_ZDT9CEVEP90427,2026-06-14,cust_GY53GLM18X0429,1122317,INR,paid,pay_GGQ0NN9RM20428
order_4YWWZ23WRP0430,2026-06-14,cust_9JVAVQPWBT0432,167164,INR,paid,pay_0SZ441ACUB0431
order_KGC5YKJSZR0433,2026-06-14,cust_7GVC0FDXY30435,159497,INR,paid,pay_QSVF1PEW6M0434
order_QA0DV9CWKW0436,2026-06-14,cust_U1KJXF6D1S0438,4022334,INR,paid,pay_8QKD148FQ30437
order_JJ6N71N9RR0439,2026-06-14,cust_NWYBVLY4K40441,123799,INR,paid,pay_ET3WFH23ZY0440
order_TZGBU0Q08G0445,2026-06-15,cust_9VX71LBYYY0447,183012,INR,refunded,pay_W7FMN85BCR0446
order_TDS0BTQKX10448,2026-06-15,cust_X4JPJNJV9J0450,141300,INR,refunded,pay_JF09Q2RK3V0449
order_KLWEHMWKBW0451,2026-06-15,cust_BTQQQBYF6J0453,14919295,INR,paid,pay_22V4TKNGJM0452
order_ZM076JLNQC0454,2026-06-15,cust_7W5R31C0W10456,1233068,INR,paid,pay_2AT2QNPEM40455
order_4F8HMJ12W40459,2026-06-16,cust_FH4ZF908L00461,179271,INR,paid,pay_BM5N5FSWLH0460
order_LXKLKMD2VV0462,2026-06-16,cust_77A7RP65240464,211294,INR,paid,pay_4UMHJNASA50463
order_RTPDMKDYCK0465,2026-06-16,cust_M5ZCFVWZ0E0467,263784,INR,paid,pay_CVXFDG2MLU0466
order_U6JHTX929P0468,2026-06-16,cust_9YJ7977MQU0470,386159,INR,paid,pay_PDG9F6U3WS0469
order_5HP22CXYPA0471,2026-06-16,cust_XX1BMNXX660473,16187,INR,paid,pay_NUSEVV8WAH0472
order_K5X52D9VWB0474,2026-06-16,cust_0MHVWCT2F70476,1259769,INR,paid,pay_PXYEKTBX0L0475
order_WNNUTW4HTK0481,2026-06-17,cust_KURLEVX4DJ0483,690078,INR,paid,pay_LTHA8GPYWT0482
order_DG0DF31M4Y0484,2026-06-17,cust_V56QQKSZ1M0486,186977,INR,paid,pay_VXNF5JF5G50485
order_57BE6HY65L0487,2026-06-17,cust_512RRL60EX0489,931073,INR,paid,pay_UYJ8G1GWEV0488
order_33XRME7H5W0490,2026-06-17,cust_DFPJAKK4U00492,1489354,INR,paid,pay_G4MV1EG0W70491
order_PWVV3YFA810493,2026-06-17,cust_R31W0103PM0495,660342,INR,paid,pay_JUDZDAYHUB0494
order_0Z2KUJJAEB0496,2026-06-17,cust_58340YQM3A0498,155500,INR,paid,pay_K73JFJ253M0497
order_R8T2ZCC6ZH0499,2026-06-17,cust_R6EVDXA6580501,201504,INR,paid,pay_6FK9T59F9F0500
order_2YUULCVSD60502,2026-06-17,cust_TSJTTSAHMK0504,945235,INR,paid,pay_LDUBU7FJ8E0503
order_06SK93AU400507,2026-06-18,cust_GS15RN9XMW0509,189078,INR,paid,pay_W9CGY3TXTT0508
order_EA2G9G4YQU0510,2026-06-18,cust_J0MHMSU5E50512,12121,INR,paid,pay_SNCBFDPHHF0511
order_WSLETD00XD0513,2026-06-18,cust_GK3PG4SGCE0515,1701693,INR,paid,pay_SSM4E7N1M70514
order_4B7KAC0TKX0516,2026-06-18,cust_06HYXV1DFZ0518,775538,INR,paid,pay_1A87631EQA0517
order_F5UNMC0NV00519,2026-06-18,cust_R70EV74BCX0521,963163,INR,paid,pay_GY7F4NJCNB0520
order_C1HP95KQEC0522,2026-06-18,cust_VG5LEGH7QE0524,198908,INR,paid,pay_K7B6CRJAMD0523
order_1WHJWPCMXE0525,2026-06-18,cust_JG0LB7FAAM0527,222635,INR,paid,pay_HTK2LZL4RC0526
order_U26JPKT9420528,2026-06-18,cust_RNH9GZ8Q5P0530,1495143,INR,paid,pay_RMCM7FVY2A0529
order_K67MLCDZUP0531,2026-06-18,cust_78HER4W2NW0533,39438,INR,paid,pay_3SX5CGDMLB0532
order_QGR2N0QE670534,2026-06-18,cust_NYTNXJCDTJ0536,933948,INR,paid,pay_D3KP5M0ZJ50535
order_2LXQULLQF20537,2026-06-18,cust_W3QKA2CC680539,1211709,INR,paid,pay_97P65TA3RR0538
order_6G47RFA2PJ0540,2026-06-18,cust_55J1MZ5AE00542,113268,INR,paid,pay_YURFB6VL5B0541
order_789H6U4ZEN0546,2026-06-19,cust_HK7KP9BU2J0548,128496,INR,paid,pay_5FF1MUEGLT0547
order_BUNEBQ9X2X0549,2026-06-19,cust_Q6ZUDKYU5L0551,126255,INR,paid,pay_W7945VJVLS0550
order_UMMKLRHCWJ0552,2026-06-19,cust_4LVHB17K5W0554,13942226,INR,paid,pay_4SZMPCWYKZ0553
order_8XU6UK4XH60555,2026-06-19,cust_WDN9QTNBF40557,203492,INR,paid,pay_CJHVB1Q4YF0556
order_N7W8DZ1K3Z0558,2026-06-19,cust_424UL32JFK0560,8617330,INR,paid,pay_0ZAUYYV4FP0559
order_AKSV6HU2M70563,2026-06-20,cust_6HZ8BSLDKW0565,217313,INR,paid,pay_RBHT7EZ63S0564
order_YLDTZ2YDUU0566,2026-06-20,cust_TZGYKAJ9UZ0568,534158,INR,paid,pay_9E8NMGLWWV0567
order_LGPK8QN9H20569,2026-06-20,cust_49XMVBHQJK0571,248657,INR,paid,pay_5EHJB6YVZJ0570
order_JF3HEB63CN0572,2026-06-20,cust_AGHPNMYBFK0574,64908,INR,paid,pay_GC8D6HSCEV0573
order_YL8R8EGA9P0575,2026-06-20,cust_4GMY03P8Q20577,7835728,INR,paid,pay_NULAGP86ZM0576
order_H5H9J7ZUCF0578,2026-06-20,cust_U3NE6ZMA7G0580,909093,INR,paid,pay_W7H0U5V4Q20579
order_FHK11GLEZN0581,2026-06-20,cust_Y6178TK5GH0583,182534,INR,paid,pay_XN1HQ37TT10582
order_JBGDE7BM0W0584,2026-06-20,cust_78SXBC3H040586,70408,INR,paid,pay_KVGE975NU70585
order_5CCMVL73JV0587,2026-06-20,cust_S70YUWDBCJ0589,1178107,INR,paid,pay_07H766L8D10588
order_BX0G3YY2YD0590,2026-06-20,cust_BWC5382TB60592,204425,INR,paid,pay_RRRVFEVHXL0591
order_00WG7GPX780593,2026-06-20,cust_SDV1QFGXTE0595,92872,INR,paid,pay_XLVZ3N7EPU0594
order_TULSR1RHKN0599,2026-06-21,cust_TJBSTMC7BD0601,1114945,INR,paid,pay_BRV5733CNL0600
order_E2ZF1JRH8H0602,2026-06-21,cust_R3PKGMPT420604,88013,INR,paid,pay_99S7FRHWX00603
order_7ZHW36RTKZ0605,2026-06-21,cust_ZHR40A1SVF0607,367284,INR,paid,pay_6ZVBCDRS0V0606
order_L4W2CTF7620608,2026-06-21,cust_5BDM4JA1NV0610,235190,INR,paid,pay_X3GLS8EY2W0609
order_LR9J2W46JS0611,2026-06-21,cust_QBBQF5NSLD0613,482423,INR,paid,pay_MWUNF2ZM100612
order_3SEGDDXR6Y0618,2026-06-22,cust_MSL87X5JFW0620,110431,INR,paid,pay_CAS80V1ZJC0619
order_HWCJ7TZ3US0621,2026-06-22,cust_NKDQMC6SL50623,78163,INR,paid,pay_S9W3LW7K4D0622
order_7C4Y757HKH0624,2026-06-22,cust_9M2ER7GXBU0626,244564,INR,paid,pay_YFPUML8TPA0625
order_GWKBF565TA0627,2026-06-22,cust_E0F1SMR1FB0629,164653,INR,paid,pay_XC4WJPDUWD0628
order_1UKHV73VJY0630,2026-06-22,cust_F3ZM33FC8X0632,214239,INR,paid,pay_GZ8N7406T30631
order_K799FU53F60633,2026-06-22,cust_C8G832G5SY0635,1608137,INR,paid,pay_VKJVR93UDE0634
order_8BH5MM1CF20636,2026-06-22,cust_SG3BA1HAL60638,1861969,INR,paid,pay_VW54SXMPMF0637
order_7VZ1VFJJAN0639,2026-06-22,cust_FV5K63BHLK0641,1629332,INR,paid,pay_HBNBP6KR3N0640
order_B4RNU1DXAG0642,2026-06-22,cust_QD9B3WET260644,9910276,INR,paid,pay_327UC717870643
order_5JU02Z6LPU0646,2026-06-22,cust_VRPDBYSYLM0648,7690043,INR,paid,pay_F6JMNL7G270647
order_X3HQHQ7SXY0649,2026-06-22,cust_GC8GLHPZLU0651,26589,INR,paid,pay_CTK8GD45HG0650
order_GKZXJHN42A0652,2026-06-22,cust_ZRK92QJ3220654,1295201,INR,paid,pay_R6XU8LFTZ20653
order_ZB4KA9EFXW0655,2026-06-22,cust_21VWYAT9K10657,10659648,INR,paid,pay_1L3D1CKD9U0656
order_4Y1NVFCX0J0658,2026-06-22,cust_BSRV38HDZS0660,1391742,INR,paid,pay_9UPF8V9XLB0659
order_H4VA5XRQYV0661,2026-06-22,cust_5GK32FFD3J0663,22412,INR,paid,pay_UJ09RGW9NZ0662
order_Z9191S73470664,2026-06-22,cust_HP56CLZH2H0666,30366,INR,paid,pay_2LK8J75J890665
order_C9KHZVZVU70667,2026-06-22,cust_AHYEC26V4X0669,85814,INR,paid,pay_BKK2DVUPM70668
order_ND9N68BHMB0672,2026-06-23,cust_X3M2B9W0SF0674,428576,INR,paid,pay_TPR4FW1C7B0673
order_LUKMSFKV2L0675,2026-06-23,cust_2WS0HDNRR70677,11089547,INR,paid,pay_DWMBDV0GWK0676
order_HTDW52E6B20678,2026-06-23,cust_8PKZLR34CA0680,1057505,INR,paid,pay_QBTGRJV24F0679
order_ULAD6TS0YP0681,2026-06-23,cust_T3P8WXS4TR0683,12414119,INR,paid,pay_8UCLEVF1HJ0682
order_XBJA6AAM270684,2026-06-23,cust_MAH5ZN4AQB0686,130433,INR,paid,pay_1FEB4HY0Y00685
order_SQ9TNBS5A30689,2026-06-24,cust_9CQDT24WA10691,517241,INR,paid,pay_DW32TH957Z0690
order_BQ3ERNLXVE0692,2026-06-24,cust_RXDX9RE4G40694,240612,INR,paid,pay_GB63BXSRG60693
order_C0WEJD4DV30695,2026-06-24,cust_A5053GXB590697,25808,INR,paid,pay_EGDDU01G2Q0696
order_GAENJ8SY260698,2026-06-24,cust_YVKK6VXUZA0700,476506,INR,paid,pay_4MRJCDJV380699
order_KDR8D3YNNN0701,2026-06-24,cust_LG5C7QAQQ50703,1672498,INR,partially_refunded,pay_EXN65XXV2X0702
order_X0P1MAZAEY0704,2026-06-24,cust_NUMQSMXRMN0706,135924,INR,paid,pay_BHKU4NZCBN0705
order_3RCNUKWRDT0709,2026-06-25,cust_8Z795MWZ960711,916792,INR,paid,pay_J87PF6EL800710
order_1CPQN4R1PV0712,2026-06-25,cust_9YQC58X3450714,162254,INR,paid,pay_30LZSFJFU40713
order_7WT0BM4QSE0715,2026-06-25,cust_EZCNXNXSVT0717,220796,INR,paid,pay_YFU88FTQGH0716
order_SAVUY11A680718,2026-06-25,cust_XFWN32P44B0720,539124,INR,paid,pay_K1QQP6Q9550719
order_JVA7YXQ2310721,2026-06-25,cust_1E0N6GX4VF0723,238948,INR,paid,pay_VWBCJKX10P0722
order_MC7BMNE0UP0724,2026-06-25,cust_W21LHJ26E00726,154841,INR,paid,pay_QU9E5DZ9AL0725
order_V36LVN85TN0727,2026-06-25,cust_5CFU5YV1M20729,63816,INR,paid,pay_AK4E1R9X750728
order_350MG1CRLT0730,2026-06-25,cust_W24LSP8C5B0732,171835,INR,paid,pay_UEP72HZEG80731
order_50X1N1CASH0733,2026-06-25,cust_6TLLBGMUH10735,1666882,INR,paid,pay_JW575EFR4J0734
order_ATK4YMPCP40736,2026-06-25,cust_NRZRNFB2BA0738,210070,INR,paid,pay_D9G0V4DAD00737
order_QETZCEP2V70741,2026-06-26,cust_6EXB408Q8A0743,130165,INR,partially_refunded,pay_GLSGW0JXMW0742
order_HVR3RFDJZ70744,2026-06-26,cust_TWC92UBQXX0746,208851,INR,paid,pay_UNK0PCR4XJ0745
order_RQ09WM4AE70747,2026-06-26,cust_8F35VLNR3M0749,24075,INR,paid,pay_ENDKPJFMPR0748
order_4NT6FZ10L60750,2026-06-26,cust_VKMS05V5U00752,84703,INR,paid,pay_4383K6B03F0751
order_Y87ZD03RR60755,2026-06-27,cust_AHF01F9N3L0757,785315,INR,paid,pay_CZBKS5KSRL0756
order_80V2FGYKTP0758,2026-06-27,cust_2U3LMZMJN70760,89125,INR,paid,pay_1VAL7AGE290759
order_4PMNDMNS240761,2026-06-27,cust_BR67GADTAC0763,38798,INR,paid,pay_GLFUF0HTEX0762
order_A09T76X3XZ0764,2026-06-27,cust_A51JBH9TRZ0766,217462,INR,paid,pay_XWRZ10DYXG0765
order_682NAWBZCW0767,2026-06-27,cust_UNK98CJ7FV0769,1631763,INR,paid,pay_4Q71FY36G00768
order_L4H6RRPLFG0770,2026-06-27,cust_J7FXQEX0030772,9831655,INR,paid,pay_3BLW0TQS6H0771
order_UFHFXNHZJW0773,2026-06-27,cust_9QG1A5WKUQ0775,40227,INR,paid,pay_0AVDN03WZJ0774
order_LB1X36Y11E0778,2026-06-28,cust_5LJ46UKPPN0780,223550,INR,paid,pay_9UUN1GJWDV0779
order_GK03LDGY6M0781,2026-06-28,cust_R17VM0F50T0783,234332,INR,paid,pay_DH8X3K1RCH0782
order_HFH78QB6TG0784,2026-06-28,cust_1B197E9HPH0786,41357,INR,paid,pay_M063VJGWEM0785
order_MA4WHCJPLF0787,2026-06-28,cust_RVC9U4J7W90789,1707973,INR,paid,pay_SCFH8VZL3A0788
order_PGCRCNKVPJ0790,2026-06-28,cust_15FS3KPETN0792,1320785,INR,paid,pay_PYTJ3ESS0L0791
order_8L2KW30BRE0793,2026-06-28,cust_KQTAG0Q0GH0795,1608474,INR,paid,pay_THH2EXFZXT0794
order_V7G9YUTGDL0796,2026-06-28,cust_KJK0TDZR250798,239410,INR,paid,pay_W0MY16JSA80797
order_58UT39QVFV0799,2026-06-28,cust_U7A38J678H0801,102699,INR,paid,pay_2WFFERFLDF0800
order_A3YR9C4L9Q0802,2026-06-28,cust_LZHXRHUV6U0804,59755,INR,paid,pay_MEZJ8YD3700803
order_1PV8C57DYA0805,2026-06-28,cust_AG37NF98K20807,203369,INR,paid,pay_5XVYGAYM1Y0806
order_2XCLN6TH270810,2026-06-29,cust_JKY8ARDX3A0812,113327,INR,paid,pay_7JW180JHGB0811
order_7F3RK8MRTH0813,2026-06-29,cust_QHJ1CTNK3B0815,83883,INR,paid,pay_SR3N6G8MNK0814
order_D029VQQX360816,2026-06-29,cust_2RWDMCADWP0818,236484,INR,paid,pay_D83DVHTZTY0817
order_G3MS7ZXVHG0819,2026-06-29,cust_0FGJHCNN4G0821,248053,INR,paid,pay_AJXZZ9ZRTP0820
order_XV6NKCJN2S0822,2026-06-29,cust_BLTJUCDN170824,12385270,INR,paid,pay_YZ4H3E62980823
order_L48001TPMA0825,2026-06-29,cust_UTHLQCRUCK0827,407256,INR,paid,pay_LPA8589SVQ0826
order_DRPHAYZWFS0828,2026-06-29,cust_SBG0SP4QWT0830,6537143,INR,paid,pay_J2UWDAYQTM0829
order_1K4Q3ZK6F70831,2026-06-29,cust_LM1NEKE3R50833,1943938,INR,paid,pay_M5MMN7MUBV0832
order_LVX6KRDTHB0836,2026-06-30,cust_Q30KYUQ0H70838,1960153,INR,paid,pay_CGUG82KAQB0837
order_GUYEXHZFCK0839,2026-06-30,cust_GT7ZSEAKKW0841,5766861,INR,paid,pay_M39XM3KVUY0840
order_6EH3TKFWJM0842,2026-06-30,cust_0277Q0F29Q0844,198995,INR,paid,pay_0YW7362XJR0843
order_PBZ6JHDYZJ0845,2026-06-30,cust_K0B3ZDGE6L0847,10651,INR,paid,pay_U5K2RPQDJH0846
order_FREA2KM6J90848,2026-06-30,cust_CM8LA135S80850,46935,INR,paid,pay_V62X4AUHKD0849
order_LTF90JP1DQ0851,2026-06-30,cust_Z3NTGGEZXB0853,1138500,INR,paid,pay_1ME56W10LD0852
order_GEPAVNNCRT0854,2026-06-30,cust_U18NW1YJGX0856,151868,INR,paid,pay_FC6CDWFVAY0855
order_G8KB06CULK0857,2026-06-30,cust_X4JXUZ3C0R0859,1306080,INR,paid,pay_5FFQPKL8990858
order_EK7GAKVF7G0860,2026-06-30,cust_EM5S6S4JH70862,12181707,INR,paid,pay_5WLULETZYF0861
order_12J4Z8WZF20863,2026-06-30,cust_0L1EQ05FY50865,85037,INR,paid,pay_84SCDRAKGU0864
order_5GFMG13N1X0866,2026-06-30,cust_K6KPWC0DZ30868,1966077,INR,paid,pay_EWX7P6HT5C0867
order_B3TSMFKET10869,2026-06-30,cust_3XVLNY266L0871,65341,INR,paid,pay_FV429PSMDF0870
order_0ANEKWWAK50872,2026-06-30,cust_4GCPN2L0PY0874,191539,INR,paid,pay_K7WH2S9A4J0873
order_GFGFB2G7G40877,2026-07-01,cust_6HY521AZQ80879,84151,INR,paid,pay_8CU2PQ50HN0878
order_SV2RA2CABK0880,2026-07-01,cust_D3J0M1W9L30882,182569,INR,paid,pay_Z9WXL3R1N10881
order_J8H1SLWPFF0883,2026-07-01,cust_YMRQVNR0SD0885,219922,INR,paid,pay_B3AKBF0BJ50884
order_BGH5HGKUSM0886,2026-07-01,cust_E7EP20W4LM0888,47588,INR,paid,pay_FE7ZP1G7B20887
order_CHXY6AL9SH0889,2026-07-01,cust_BWJQFJTT6N0891,56739,INR,paid,pay_NBB98KPZHP0890
order_U57381NSMN0892,2026-07-01,cust_TWG03NYZE40894,154471,INR,paid,pay_T1GVLP73430893
order_S2U9Y1BHMW0895,2026-07-01,cust_HAWAXP5WQE0897,1322392,INR,paid,pay_3MYREPZZKW0896
order_9PGTE23WWN0898,2026-07-01,cust_LW0RBUBA5U0900,65520,INR,paid,pay_ND77CT2HH40899
order_C9CXBE6G2V0901,2026-07-01,cust_57HZGBQDAJ0903,1094755,INR,paid,pay_TWY1FW7D1V0902
order_3QLFNZADSC0904,2026-07-01,cust_5HJWK24H990906,13535995,INR,paid,pay_HDVESX0TLJ0905
order_7TW6QFSUFY0907,2026-07-01,cust_0N7GXP98WV0909,1636781,INR,paid,pay_RPEE7DPAP50908
order_GJQZ048N1N0910,2026-07-01,cust_RB5MTB694Y0912,1308037,INR,paid,pay_ET3LVGK5GH0911
order_FY3PK1838X0913,2026-07-01,cust_N1MT9793GD0915,154158,INR,paid,pay_D4TZGD03NU0914
order_HDCTREGTQ10916,2026-07-01,cust_UUAGM86VRL0918,5683937,INR,paid,pay_11GQT7PLPY0917
order_Q98LKGGVX40921,2026-07-02,cust_X96HT9BK2Q0923,859555,INR,paid,pay_7YS7SZ5AYV0922
order_R3ZPFN0GT40924,2026-07-02,cust_C9XH35YUHA0926,18001,INR,paid,pay_9MSYX12TVN0925
order_5K9ULV7UEU0927,2026-07-02,cust_3YADSJYU8K0929,4468450,INR,paid,pay_A5CPUHD7VA0928
order_N3FUQC6YR00930,2026-07-02,cust_NSJ2NVVFV50932,549146,INR,refunded,pay_31GSVVM3WJ0931
order_95DFDTGXGU0935,2026-07-03,cust_JQKVVA7NHE0937,221576,INR,paid,pay_6XDH8DP9K70936
order_H9GRPG6B840938,2026-07-03,cust_H3KBMKRL8N0940,240560,INR,paid,pay_1DHV16MRS40939
order_G7ZT10G5230941,2026-07-03,cust_CYJ55TALY80943,85777,INR,paid,pay_KBU5H0AVC40942
order_908EMKYX5J0944,2026-07-03,cust_SJWY1ECBLQ0946,246498,INR,paid,pay_TV1E606M890945
order_6WQRGM02ED0947,2026-07-03,cust_40JNNS74UQ0949,1297388,INR,paid,pay_SHCE4ZBMWG0948
order_9NFBGPCJAZ0950,2026-07-03,cust_YYJE430EFJ0952,1160296,INR,paid,pay_2EXM97NP680951
order_7QDXBQUS0Y0953,2026-07-03,cust_H6SBCX2SNX0955,40813,INR,paid,pay_ELUER98V1D0954
order_XDR7ECYE2F0956,2026-07-03,cust_36VQBDBN0B0958,153315,INR,paid,pay_6JTCGC78QY0957
order_0J33JH4HZY0959,2026-07-03,cust_CARDEDJ4MU0961,111382,INR,paid,pay_NX3DRQFAQ20960
order_RUJ16HEESP0962,2026-07-03,cust_W8GDY27TFP0964,167819,INR,paid,pay_7YQ4VZUR9T0963
order_QVPHZKCR450965,2026-07-03,cust_T07B004CQP0967,1342605,INR,paid,pay_HB7CTT0VFD0966
order_DVCYBXSPBX0968,2026-07-03,cust_L05RJATTFR0970,122906,INR,paid,pay_33DG0U539S0969
order_1CTZTSAHVW0971,2026-07-03,cust_6P2DFTWE4M0973,159605,INR,paid,pay_SM45B4A5CY0972
order_S7JQMKDQHC0974,2026-07-03,cust_YCRYGE84H80976,829116,INR,paid,pay_M84WCQDSSB0975
order_FEQ82H9D690980,2026-07-04,cust_Q5WHR42ZFY0982,1611496,INR,paid,pay_94WTNURXRZ0981
order_Z6Q42QJR2J0983,2026-07-04,cust_7NM5ALH2S60985,249666,INR,paid,pay_SUXWHF228K0984
order_3BLEJ8903Y0986,2026-07-04,cust_Y4243U6JM80988,18832,INR,paid,pay_J1RUHXXGCE0987
order_Z50W4M8TGQ0989,2026-07-04,cust_0WMKCP39TW0991,11940,INR,paid,pay_V7XD9983UW0990
order_HUT74QLUSG0992,2026-07-04,cust_A7BZPU349J0994,53309,INR,paid,pay_QTKGP8LBCN0993
order_H437SFJTHY0995,2026-07-04,cust_EWC3G9WNCA0997,38634,INR,paid,pay_FQEWL8XT580996
order_QNS6K7M7UJ0998,2026-07-04,cust_C2S0RY69MV1000,108520,INR,paid,pay_NF9PA3E7PM0999
order_771Y6UGQHU1001,2026-07-04,cust_Y1J672RBUT1003,1650846,INR,paid,pay_24WR3HM5WH1002
order_2DWSW214311004,2026-07-04,cust_QLPHXJBB0F1006,232981,INR,paid,pay_SDT7QXCV421005
order_ED9PZNL1QU1007,2026-07-04,cust_G817CLUVBQ1009,14865474,INR,paid,pay_LZX2PRACB91008
order_60U3FQ2T6U1012,2026-07-05,cust_B1Q4Z6GVXK1014,181879,INR,paid,pay_8R0B71ZG4Q1013
order_P7RFK169QD1015,2026-07-05,cust_TP77WRW5681017,54269,INR,paid,pay_7S2VXKCW2A1016
order_FG3E0JAL9H1018,2026-07-05,cust_J21AUH3UT91020,1787357,INR,paid,pay_LN4HC37L971019
order_LKU9PZ9S651021,2026-07-05,cust_K6EAVNNG5X1023,1029368,INR,paid,pay_PXJL96AW2M1022
order_LEYQYANTU31024,2026-07-05,cust_MSGJ90XT6P1026,132765,INR,paid,pay_VZ1SNEKGPT1025
order_PFKKL6AWED1027,2026-07-05,cust_1006YV9W9F1029,70673,INR,paid,pay_J8436WV8HR1028
order_TK347SH3YM1030,2026-07-05,cust_AN4Z9NAVXG1032,598371,INR,paid,pay_BZ5Y3PN0ZM1031
order_WLZ9A12DEN1036,2026-07-06,cust_2MAVTYHX5F1038,947649,INR,paid,pay_8KTFM4CTN81037
order_HFMFMWBLAP1039,2026-07-06,cust_UMTJW2QNTN1041,3479112,INR,paid,pay_Z5FRVNJVD01040
order_4SF7YZY94L1042,2026-07-06,cust_TF8PSP5SCH1044,6351239,INR,paid,pay_C0KP3YUPX81043
order_6J5WZ0CWGY1045,2026-07-06,cust_L5MB45316R1047,640962,INR,paid,pay_AL26XXGMYV1046
order_X61VCQ8G231048,2026-07-06,cust_JXDFVKY51L1050,1510266,INR,paid,pay_T1BL8LV9NJ1049
order_NMVVFMRP3F1051,2026-07-06,cust_P605RG0JWJ1053,48563,INR,paid,pay_RKZA6LYG611052
order_31EY7BQMRZ1054,2026-07-06,cust_CPV3FX0M3K1056,843902,INR,paid,pay_ZX8A1EQJ7N1055
order_6CS2ML19G51057,2026-07-06,cust_5A713DV3SH1059,186918,INR,paid,pay_FYG1ALWJ801058
order_8Z6XZHM30F1060,2026-07-06,cust_UCH75ZDZS31062,1194284,INR,paid,pay_KAXSN853D51061
order_BTMUY2B4WV1063,2026-07-06,cust_K73TY5R95C1065,1858166,INR,paid,pay_CHYC1RMFGJ1064
order_KG08FXV31B1066,2026-07-06,cust_DZ6P3TMT8C1068,19936,INR,paid,pay_MSF3HNSV8R1067
order_UTA2PB2JTT1069,2026-07-06,cust_52X06AXXWY1071,57416,INR,paid,pay_5WGQQBWQEU1070
order_7PL0S1CF7Y1072,2026-07-06,cust_KLY32BU7R01074,233864,INR,paid,pay_FP9ZVUW45B1073
order_U4LM1UAX5M1077,2026-07-07,cust_F2BWRL6FZB1079,131512,INR,paid,pay_G0222NBQJ81078
order_08NL5ZRM6N1080,2026-07-07,cust_RM58HXLR5E1082,1621780,INR,paid,pay_WJUEBP55R41081
order_2960E2SHB41083,2026-07-07,cust_HGKSHLZ2XK1085,1680307,INR,paid,pay_6DU1CZ18431084
order_SGXE57RSXU1086,2026-07-07,cust_BQZZUVLV641088,690580,INR,paid,pay_4X4STCJK9U1087
order_JKU0SQBPVK1089,2026-07-07,cust_8W9Z07L96M1091,220977,INR,paid,pay_ASZ8916LYK1090
order_EXQVPQKTHN1092,2026-07-07,cust_GX8ETFD49R1094,279847,INR,paid,pay_Y75A9QNZC11093
order_MRQ5MCTTFN1095,2026-07-07,cust_GDWEN6H4F61097,203738,INR,paid,pay_EJ9VDPQR651096
order_P7VA3H4N5A1098,2026-07-07,cust_VSRXT8V4HM1100,164401,INR,paid,pay_S2T7MX868U1099
order_867LME3VG41101,2026-07-07,cust_96GVPKWLN11103,244090,INR,paid,pay_XMNGQPV8VW1102
order_LW962TQS6V1104,2026-07-07,cust_2A1D2YJ5TB1106,1529521,INR,paid,pay_ZKVXYW4V311105
order_2KKVNF4RWS1110,2026-07-08,cust_W5Q5ZXNSSB1112,213125,INR,paid,pay_9UBJEWZ4PM1111
order_317D9D8ZB31113,2026-07-08,cust_L8F5NE3T541115,117583,INR,paid,pay_C8W7UXEEFH1114
order_MX593B1UA01116,2026-07-08,cust_NYKNKPVMGB1118,403146,INR,paid,pay_BAQW3KSQW51117
order_JYEWWQPNVL1119,2026-07-08,cust_B4P0D441NP1121,332738,INR,paid,pay_3TQPYBJ4H01120
order_FM89HLPH7Y1122,2026-07-08,cust_H5BA021GYZ1124,511408,INR,paid,pay_W2NPF8Z6S81123
order_2L2MM9KMZH1127,2026-07-09,cust_BXB6CK2C091129,171788,INR,paid,pay_LB7PV1ZSWB1128
order_YQF2EH65241130,2026-07-09,cust_67NJQ8JKQF1132,13816,INR,paid,pay_JAV66SJWZG1131
order_GRQSMVX5991133,2026-07-09,cust_MAKCRL1WA61135,842025,INR,paid,pay_TJW3ZKC0DN1134
order_14P5S4HT8X1136,2026-07-09,cust_EZ3BJGQ5HH1138,643736,INR,paid,pay_XMSX75GX9S1137
order_YV43F8M18N1139,2026-07-09,cust_ZQ9LZLGLQK1141,514868,INR,paid,pay_KQBNY9K99D1140
order_3NTD1U09261142,2026-07-09,cust_D2JK6LR1L21144,12228490,INR,paid,pay_5WJVAESVPE1143
order_YEQTJ1HKP41145,2026-07-09,cust_Q4VH5KEXTC1147,771295,INR,paid,pay_KTWAH9V9G61146
order_H53L7UQ9GF1148,2026-07-09,cust_8X2SYFAG7R1150,785722,INR,paid,pay_ZR732DGTTS1149
order_3TG7090CGG1151,2026-07-09,cust_9C13BPMBXG1153,164849,INR,paid,pay_GHRZ21CY451152
order_5SYYYRT4DW1154,2026-07-09,cust_XYQWVGF1W71156,2476046,INR,paid,pay_5SLPW1YM7F1155
order_S7YX4ZLLWB1157,2026-07-09,cust_F1SKXY1J0G1159,673937,INR,paid,pay_HNV8UM1ENF1158
order_WQ4CRKTB7Q1160,2026-07-09,cust_642N2M910S1162,422410,INR,paid,pay_QRQ4PKAURB1161
order_3ZZRWYEJWR1163,2026-07-09,cust_TD5473ELB41165,802719,INR,paid,pay_JG86WGQYQ51164
order_6KEYETSB731166,2026-07-09,cust_KWADYHEE921168,978976,INR,paid,pay_J1P4VVXQ821167
order_DDZGLA9AAW1172,2026-07-10,cust_YGKZM4M8K41174,240403,INR,paid,pay_0VBZEMN7MP1173
order_HVUGYM9LG71175,2026-07-10,cust_ZKR7N1CYD61177,1377407,INR,paid,pay_NKX504HEXR1176
order_FW991NUWJ41178,2026-07-10,cust_GW60V7UD9C1180,146173,INR,paid,pay_NU3130F7B71179
order_MWDBDV0NYD1181,2026-07-10,cust_MQWEP7PAC01183,7152615,INR,paid,pay_389M8ZCPG51182
order_UARXM0QZ1C1184,2026-07-10,cust_220TN7SA1C1186,3951710,INR,paid,pay_KKRS3VPT2A1185
order_QEHHL7EMWL1187,2026-07-10,cust_F7NJ9C66GH1189,190648,INR,paid,pay_S1UUUSGH1N1188
order_MFER3Z4K4C1190,2026-07-10,cust_Y5ND10KU8E1192,111628,INR,paid,pay_8NPWCAKXSM1191
order_X4B4ER9ULK1193,2026-07-10,cust_CKGQA0AD0H1195,60844,INR,paid,pay_WDHE29BLWZ1194
order_EB60U04R7S1196,2026-07-10,cust_0SLZB3VKC51198,323809,INR,paid,pay_Y56K5ZQKUM1197
order_Q1JYP122541199,2026-07-10,cust_RPNNZ52ZVP1201,1385604,INR,paid,pay_405ZXW1J9P1200
order_4V2DNPXL091202,2026-07-10,cust_NK2W5RJ7W91204,38381,INR,paid,pay_3M4BP0MTK11203
order_EFBADXFWYN1205,2026-07-10,cust_UVGLKL2H2L1207,1900379,INR,paid,pay_KPVEZW46XM1206
order_7B2LZSN8T91211,2026-07-11,cust_XCT5FXCJAB1213,219436,INR,paid,pay_B7WLDRVS431212
order_600CT0XZ831214,2026-07-11,cust_4FW8HBJGRE1216,247018,INR,refunded,pay_2XJYSN7UTF1215
order_RFEAAXEK5X1217,2026-07-11,cust_3QPDF0W9N61219,50271,INR,paid,pay_GHDJNFMFFA1218
order_M6UD4M8AFM1220,2026-07-11,cust_L1U28UP3SY1222,1288720,INR,paid,pay_NSKNHENMWQ1221
order_SULEDE7YD31223,2026-07-11,cust_Y6Z7V7WNQL1225,181562,INR,paid,pay_F4AFWZESW41224
order_TXNB71LVTQ1228,2026-07-12,cust_EW6UKR97P21230,49195,INR,paid,pay_N7733L7DYG1229
order_LXV3HJ9UXZ1231,2026-07-12,cust_WQW6TXXNJW1233,90642,INR,paid,pay_JZ6EB4Z2RP1232
order_RR76BW8G0K1234,2026-07-12,cust_TKZD6RQAWY1236,5840752,INR,paid,pay_WF975TE40N1235
order_TW7WNNHUDN1237,2026-07-12,cust_KUBB2FZ5K41239,48204,INR,paid,pay_98UR03AVSP1238
order_CUWC8DJ7EE1242,2026-07-13,cust_F2XE71D9211244,95518,INR,paid,pay_JKG9LRFZYX1243
order_P4LHSQRDBD1245,2026-07-13,cust_W01B8U7B2E1247,33354,INR,paid,pay_Q6CCQQKJ8W1246
order_PQ7AYFZ8L11248,2026-07-13,cust_SXNWS1HU4B1250,19338,INR,paid,pay_PKAUTZ80LN1249
order_81PMHC0GPN1251,2026-07-13,cust_BVAPMXP70W1253,1616102,INR,paid,pay_VPVZ5DQSP81252
order_L76UREGABD1254,2026-07-13,cust_PN3ZET2BVC1256,12096746,INR,paid,pay_ATAV40LGDZ1255
order_5PHB6MAHFR1257,2026-07-13,cust_0BC7352MAC1259,78771,INR,paid,pay_5TTB6EKPE11258
order_U6NTBTNR4A1260,2026-07-13,cust_6LZZKWY2M11262,6711426,INR,paid,pay_C37QDUZFZ51261
order_UK72Z3FSJX1263,2026-07-13,cust_JP1F2H8C9G1265,100978,INR,paid,pay_Y54LCX8KXL1264
order_LQX7HWZ1911266,2026-07-13,cust_G7KEVR1VPG1268,154196,INR,paid,pay_QY2GQ5KNA81267
order_7B0C7F6SFF1272,2026-07-14,cust_4P2GAJB84E1274,1686230,INR,paid,pay_RG50XR6CWV1273
order_0DSH97M4UL1275,2026-07-14,cust_RA0M0CVMQX1277,81921,INR,paid,pay_CUX3HKEN671276
order_4HGLJJB47Z1278,2026-07-14,cust_3EEFSY618R1280,729686,INR,paid,pay_3B9ZG26CT31279
order_FMN4ZS6EM21281,2026-07-14,cust_D8AH9T9AVJ1283,52366,INR,paid,pay_HCQNKVJ1AZ1282
order_PN666PGM0E1284,2026-07-14,cust_2ZQS2D3CW11286,10059592,INR,paid,pay_KJ8KE68ELR1285
order_Z14QJ682LR1287,2026-07-14,cust_CZT1T5XVWV1289,200346,INR,paid,pay_9U7E3B2EFK1288
order_J6XF7X9EST1290,2026-07-14,cust_NX92TS3NJU1292,111112,INR,paid,pay_TU8QWWRNYV1291
order_WP59MHURPX1293,2026-07-14,cust_SESH01AENS1295,1008093,INR,paid,pay_M7ZR16T5XK1294
order_T82NTD37G61296,2026-07-14,cust_ETGTJG3PCD1298,154248,INR,paid,pay_30WHJMHZDC1297
order_TU3RQQTYRK1299,2026-07-14,cust_7HGR2QR5LM1301,173572,INR,paid,pay_BWQL0PBLFT1300
order_RV304PQGF21302,2026-07-14,cust_9XWB7804PZ1304,10730,INR,paid,pay_44K00BTP731303
order_0L1PPWY1TR1305,2026-07-14,cust_YZ0B7343F31307,1510290,INR,paid,pay_UQ06BRE4B01306
order_ZS6LLQ99NC1308,2026-07-14,cust_9S4KUK3TMQ1310,80448,INR,paid,pay_0ZDQFLFDSF1309
order_JRZT5R5MHR1314,2026-07-15,cust_11959Y1S921316,50770,INR,paid,pay_LCE0JAU5971315
order_JCPEZVH2001317,2026-07-15,cust_4JV1RKBQ4S1319,140900,INR,paid,pay_VZBW7NBP3K1318
order_5ZP5J2DRKG1320,2026-07-15,cust_86C6EYXNV81322,196779,INR,paid,pay_UZDY503EUY1321
order_KTDB8P9ZB41323,2026-07-15,cust_4738C8EK0X1325,36455,INR,paid,pay_1X5YWUZD9H1324
order_TKKNF0T1QC1326,2026-07-15,cust_SPAELCS6EQ1328,1582120,INR,paid,pay_CVAJN2N2K31327
order_7HF5XZ6SXW1329,2026-07-15,cust_X8V71DVSGK1331,4778372,INR,paid,pay_9K9TRQB36T1330
order_HVR771P13R1334,2026-07-16,cust_FAK37FKDA61336,106992,INR,paid,pay_URLXLW0FGF1335
order_ZYFCLVXGCF1337,2026-07-16,cust_EUJE5SL8G71339,86294,INR,paid,pay_CANL17GTU91338
order_C1XL64Y8VU1340,2026-07-16,cust_CFDHKG4JKE1342,84269,INR,paid,pay_12RVWPR5KK1341
order_WR632HVP6C1343,2026-07-16,cust_M751W4JW3W1345,1692265,INR,paid,pay_ZL1NYEDCS01344
order_68NPKX8T911348,2026-07-17,cust_B2E625QWQ41350,37319,INR,paid,pay_9N3C5U5CUX1349
order_CQS1SA9QCQ1351,2026-07-17,cust_8VD7PUHR0X1353,180832,INR,refunded,pay_4R1A3DET2B1352
order_A3FXR6BGJS1354,2026-07-17,cust_UVEEKHARET1356,62396,INR,paid,pay_LUS2L3PLZG1355
order_XH858H6TFY1357,2026-07-17,cust_KXL9N6YBX01359,128203,INR,paid,pay_FYM0NSBFEL1358
order_1PLN6EQ7501360,2026-07-17,cust_ZX2AW5FJG91362,144227,INR,paid,pay_WZNCC4NAYB1361
order_J67XHCWRV31363,2026-07-17,cust_X2E9ZE7VV21365,1493371,INR,paid,pay_UCGDVJS0KT1364
order_WMFJ9GZHGS1366,2026-07-17,cust_FVVG1CV2FX1368,84651,INR,paid,pay_XWHMPFQDTV1367
order_EGAG6C6Z1G1369,2026-07-17,cust_PJL8R2A9TN1371,537082,INR,paid,pay_SLRFXLMGB61370
order_3P0N9UYJ121372,2026-07-17,cust_NSJMHRJCQR1374,25463,INR,paid,pay_UTRH2S7AH11373
order_UKUTM3A69E1379,2026-07-18,cust_L6Q4JBR70Q1381,38845,INR,paid,pay_5YVQ4NT60T1380
order_HTZ9SGT9V11382,2026-07-18,cust_9AKBW2XA6N1384,47830,INR,paid,pay_BEGRUSR9M71383
order_3STN1YG06N1385,2026-07-18,cust_3BEGJQ2CP51387,90204,INR,paid,pay_RWCXY6RX7Q1386
order_EG4JQPPZGC1388,2026-07-18,cust_HFSRC6TLA71390,203523,INR,paid,pay_SA2HT4PFXR1389
order_GF8QTA3YY41391,2026-07-18,cust_MNPNJU5D4Q1393,943620,INR,paid,pay_LBGBTNMLQC1392
order_PZV3KEL60A1394,2026-07-18,cust_K2G3QLT99X1396,40800,INR,paid,pay_LZCM2GFLPE1395
order_5FHJDQH61J1398,2026-07-18,cust_FX9FSSXJMC1400,150264,INR,paid,pay_D9MQJRD8ER1399
order_PJQF9K4E3F1401,2026-07-18,cust_BFWLFFN6G41403,229550,INR,paid,pay_W5LTXBCABB1402
order_BKYW0H8UUS1404,2026-07-18,cust_U8CW06C8351406,370056,INR,paid,pay_LFK6U79EKM1405
order_ASR0YXFZ9T1407,2026-07-18,cust_QWZDZVL0CC1409,22706,INR,paid,pay_9K10HR2KT81408
order_R25YB9MJED1410,2026-07-18,cust_SM67R9N0N91412,64404,INR,paid,pay_TDH1S9H9AS1411
order_KEK1UL9V2V1413,2026-07-18,cust_VSF5C0U0LY1415,73398,INR,paid,pay_LBR2JZ93PG1414
order_TXJ5DXCUDU1418,2026-07-19,cust_1QKGFG595H1420,227588,INR,paid,pay_RPPPYN9SWH1419
order_RFN7PJ1WQC1421,2026-07-19,cust_829AAMPBBG1423,61966,INR,paid,pay_2CEF87W0G51422
order_J9AR0X67SU1424,2026-07-19,cust_VEH9UGUQQ11426,484911,INR,paid,pay_H2AP1ZYJDE1425
order_BJ2NLLP8KE1427,2026-07-19,cust_UJ92CZBXR71429,229593,INR,paid,pay_R4TXX2EFSC1428
order_C9GHJ3BCND1430,2026-07-19,cust_EWPGMPSXYD1432,217185,INR,paid,pay_9PZ01FB0K51431
order_3G773KP9SU1433,2026-07-19,cust_R69J2CPQZH1435,57978,INR,paid,pay_CHRVA94NXV1434
order_4BD8ZEUUMB1436,2026-07-19,cust_UKZ0RKXGUB1438,107040,INR,paid,pay_4SL120U5F91437
order_NMNGMQUK311439,2026-07-19,cust_4MPVQ9QWZR1441,1444289,INR,paid,pay_D2B6K1H52B1440
order_BUAY2HK3XB1442,2026-07-19,cust_2EPA63GKN91444,245060,INR,paid,pay_K1YK3TF00Y1443
order_HSNT1KRV8T1445,2026-07-19,cust_0EDH08NEFN1447,1823748,INR,paid,pay_CBL6QAA8311446
order_BDE09DTFUE1448,2026-07-19,cust_DZQTTB744U1450,225729,INR,paid,pay_WD52M9N42K1449
order_4J12JJYBF71451,2026-07-19,cust_ENNN5QFJWY1453,197153,INR,paid,pay_60DLESB19S1452
order_HNP4EUVSDL1456,2026-07-20,cust_UDR4PSG16G1458,8307916,INR,paid,pay_WDK1U8CG3T1457
order_78LMEALF7M1459,2026-07-20,cust_3QRH8MW2BX1461,14430515,INR,paid,pay_GNS92LX74Q1460
order_B731H56D171462,2026-07-20,cust_LMQYWLF1ZA1464,1192970,INR,paid,pay_R19KAZA0KF1463
order_GS1KE9MEJW1465,2026-07-20,cust_CXCQ3S8UJV1467,127152,INR,paid,pay_15CTR3UBLJ1466
order_8EFUY485C41468,2026-07-20,cust_B4T0EE57701470,202687,INR,paid,pay_FYMR1406NM1469
order_387KJW9N7C1471,2026-07-20,cust_Z00X5CBHLT1473,173383,INR,paid,pay_W9A1MRZDTB1472
order_XZTSM9151N1474,2026-07-20,cust_GX1LSFWMX61476,205583,INR,paid,pay_JYUMRJT1QN1475
order_0LL1QQX9ZG1477,2026-07-20,cust_0WBW7USQAN1479,7760468,INR,paid,pay_Q8G1ZZB79S1478
order_8EH66LDN9X1480,2026-07-20,cust_U5GWWNGPMZ1482,501611,INR,paid,pay_RTCFZP1VFW1481
order_269GR34WCB1483,2026-07-20,cust_9H96DJ6ATZ1485,1964503,INR,paid,pay_TKGUFCYM501484
order_9Y1LJX32DW1486,2026-07-20,cust_8XTX3ZWUM81488,144709,INR,paid,pay_8244TVLJ7X1487
order_HF3XBJACCK1489,2026-07-20,cust_EPAWX6C9P31491,170956,INR,paid,pay_VZQQERJHWW1490
order_GUVU99007K1492,2026-07-20,cust_Z8LZUPE9PM1494,1680247,INR,paid,pay_7Q344U2KAJ1493
order_9F5MMY65WS1497,2026-07-21,cust_850RG1DM4H1499,1097302,INR,paid,pay_ZT6J0KCWKF1498
order_PN4PMBWMMK1500,2026-07-21,cust_RLWZRPWVT21502,129743,INR,paid,pay_P2LG3WEVRK1501
order_57QL1URBXS1503,2026-07-21,cust_ELDXR597HP1505,178879,INR,paid,pay_S7HM44AMM41504
order_WJ9RJKBGJZ1506,2026-07-21,cust_884YPZ8YMR1508,1964422,INR,paid,pay_1DNMCCS7591507
order_CNBTVR0FWH1509,2026-07-21,cust_BFVN6T8NDN1511,25859,INR,paid,pay_5EYLPFBKLY1510
order_FP7FHK1DKK1512,2026-07-21,cust_FHH01GJMCH1514,1235864,INR,paid,pay_HPLH525JDH1513
order_KU0JBNZY0E1518,2026-07-22,cust_KTN3YWZ0VJ1520,45193,INR,paid,pay_APYJ7BGQ5H1519
order_EKBK6D3HZL1521,2026-07-22,cust_3B2QJJU9GX1523,793911,INR,paid,pay_6Q7TDLD4F31522
order_LAQUCRDHBZ1524,2026-07-22,cust_ZU3MRS6GJS1526,236406,INR,paid,pay_174Z3VEZ4Y1525
order_CDH8HCPB2Q1527,2026-07-22,cust_A9GZ4GKBGX1529,38882,INR,paid,pay_G41TF7L39C1528
order_8C24GRD5QX1530,2026-07-22,cust_MHNBB3MY9Y1532,61145,INR,paid,pay_FDUZ9T7VN11531
order_S7BPHAXNN11533,2026-07-22,cust_9RJ6BCDT121535,122486,INR,paid,pay_L4S313KFYE1534
order_BEHD475HSC1536,2026-07-22,cust_MCS8CV71971538,96494,INR,paid,pay_BSRETAWREW1537
order_54H20UG20G1539,2026-07-22,cust_MW3MP8UH4A1541,666628,INR,paid,pay_KP7UD76TRQ1540
order_L3JBP5D85L1542,2026-07-22,cust_Z884KHF4B81544,803886,INR,paid,pay_GF2DLBSGFR1543
order_8BE1SVJLH41545,2026-07-22,cust_DBSC26W6FM1547,13097899,INR,paid,pay_Y98Q48Z4AM1546
order_V1FFL87TL31548,2026-07-22,cust_HSF3HY3C7R1550,32215,INR,paid,pay_8K516DTCYQ1549
order_QX0YG51MUC1551,2026-07-22,cust_8VKE4AKXG01553,186635,INR,paid,pay_2U00RS3BT41552
order_R2TJA8QT181554,2026-07-22,cust_E3BEFVEPHR1556,103110,INR,paid,pay_QC3JS16K941555
order_LP2GQP62AX1557,2026-07-22,cust_LZTV7KSHG31559,1507641,INR,paid,pay_MRCSW8G1XB1558
order_14V80VFWXS1563,2026-07-23,cust_0CYHE6F3DQ1565,772140,INR,paid,pay_WDHHJMD6ZR1564
order_1P2WR2JG8S1566,2026-07-23,cust_V9SMDU00T31568,212089,INR,paid,pay_WZD07ADBVJ1567
order_W3SLAVW3Z71569,2026-07-23,cust_3JRZS10JM21571,23007,INR,paid,pay_4XB4VWQN8B1570
order_G1XYQDA3LM1572,2026-07-23,cust_1JWE0BGFMT1574,363649,INR,paid,pay_HMKUM4366V1573
order_8S90DAAG691575,2026-07-23,cust_T4J2SL3EKH1577,248639,INR,paid,pay_167JNFMY4A1576
order_SQ6XQ3Y0D51578,2026-07-23,cust_8WSZTDC3SV1580,148511,INR,paid,pay_YLZS8MVJHQ1579
order_XKNEHJNK4U1581,2026-07-23,cust_LBN0LE6YAD1583,132379,INR,paid,pay_7F441PRUL71582
order_RCSXNC0QW81584,2026-07-23,cust_E1468U8E3Y1586,1061649,INR,paid,pay_KTQXQVACG81585
order_ZSS3DPZE6P1587,2026-07-23,cust_S0398KDVW61589,76587,INR,paid,pay_4GAWRHK5881588
order_GT4JS0QCF01590,2026-07-23,cust_RGKH7B1LPM1592,1255251,INR,paid,pay_SMTJPQ4L9R1591
order_PLKHCHAMQM1593,2026-07-23,cust_B860HAFUNZ1595,353549,INR,paid,pay_ABE90530HC1594
order_DRUWRF8D6T1596,2026-07-23,cust_NB51MAZTX01598,855581,INR,paid,pay_2JNWV2WGCA1597
order_T6C9AZN32N1601,2026-07-24,cust_39H697EZBZ1603,1490426,INR,paid,pay_UK01L05A9Q1602
order_5E50BRJBFJ1604,2026-07-24,cust_ZJE5ZX8WH51606,105063,INR,paid,pay_3Y59M0AVFA1605
order_FJ7U0MEGKT1607,2026-07-24,cust_8E4DSZTJGY1609,194991,INR,paid,pay_F1J3TMLK6X1608
order_CW38JAKJZ71610,2026-07-24,cust_5LPJT6M8LW1612,228381,INR,paid,pay_ABDE1QX2TD1611
order_799MLS4RFJ1613,2026-07-24,cust_FHZAM5GFWM1615,33220,INR,paid,pay_2E0ZA6EDYD1614
order_CZQ4DJNCC51616,2026-07-24,cust_WUQK952P2Y1618,240616,INR,paid,pay_E3WAA6SF8V1617
order_6H2F8K6NVF1619,2026-07-24,cust_ME5UPZ4S9R1621,835165,INR,paid,pay_PECSXCKY1Q1620
order_29D1T3C34N1622,2026-07-24,cust_V1JDXXD44T1624,567475,INR,paid,pay_QSV8NVMWQ01623
order_XYFZ1LPMAC1625,2026-07-24,cust_FG580GBKXU1627,127598,INR,paid,pay_XWGC7VBGQG1626
order_MLB1ZQWTFM1628,2026-07-24,cust_2DFWHXPMYS1630,363211,INR,paid,pay_AFJM4WYDAL1629
order_XC4UC7G4NJ1631,2026-07-24,cust_UPVAPHATYJ1633,1545274,INR,paid,pay_5DYZBQEDA11632
order_C8UEEVGQXM1634,2026-07-24,cust_CD27AB13DE1636,1148437,INR,paid,pay_YYRZXKCZ0E1635
order_6SCR68TJPN1637,2026-07-24,cust_LXWAPLYAE71639,125042,INR,paid,pay_UVZQBA17501638
order_4QJAUX5X4W1642,2026-07-25,cust_2MAK5ZY9ME1644,112813,INR,paid,pay_MFL3VL1CQR1643
order_BJA4HFYLQA1645,2026-07-25,cust_97AZG3GH831647,131368,INR,paid,pay_MN3LGLEY9H1646
order_FW56LG09CD1648,2026-07-25,cust_8TXVDG8JL61650,97014,INR,paid,pay_XR6PE0K86M1649
order_PUJQJKDSFT1651,2026-07-25,cust_NAJAJCPDTK1653,56465,INR,paid,pay_T7TPJ9HE2Z1652
order_47YJGRZNCJ1654,2026-07-25,cust_DYQ455Y1GQ1656,523855,INR,paid,pay_8F2XD2S1NA1655
order_Z1Z215C0Q11659,2026-07-26,cust_VC431NVNQ21661,24547,INR,paid,pay_KF81ZZDVUS1660
order_0L5NJL0J3H1662,2026-07-26,cust_KG88C7G2KR1664,179565,INR,paid,pay_FUKSP2JXWT1663
order_F0SQNXRJU51665,2026-07-26,cust_REFZ971BZT1667,13932220,INR,paid,pay_MZDZRQRSNC1666
order_0T7X51TXNZ1668,2026-07-26,cust_3PTJFMXUZB1670,1882343,INR,paid,pay_R3Z6T1080E1669
order_XV8FXM1KWZ1671,2026-07-26,cust_JRZHTM0HUD1673,266608,INR,paid,pay_01V4MHRA5T1672
order_NRL2HVWVPD1674,2026-07-26,cust_9YLKHFZ4FT1676,1473732,INR,paid,pay_42Q5QGBBH71675
order_TM385ST7DH1677,2026-07-26,cust_54J31W2NN51679,104992,INR,paid,pay_7NLB92XKQ41678
order_DCYK4EBZW91680,2026-07-26,cust_W5NH3BVQHP1682,248720,INR,paid,pay_CCBK6MJEVM1681
order_F7LCNHN0YY1683,2026-07-26,cust_ZYPRKLK4QN1685,174407,INR,paid,pay_K91MBM7RYJ1684
order_AUZ6QYQJQ31686,2026-07-26,cust_C8M07H8LN01688,615546,INR,paid,pay_3F8YC61FD51687
order_HK1GYQMF731689,2026-07-26,cust_PPKKL8BGUS1691,138715,INR,paid,pay_SS16NW4SJK1690
order_WQVHWKAEQ01694,2026-07-27,cust_EWT6CZWSEM1696,185274,INR,paid,pay_M1D8U1Q6Z01695
order_TEEXX3TBF01697,2026-07-27,cust_BSL3LAE7GJ1699,122128,INR,paid,pay_PW47YMD6AJ1698
order_NR31551C961700,2026-07-27,cust_40B5X962YR1702,29112,INR,paid,pay_PEL376QFMJ1701
order_VNHF0XVNB81703,2026-07-27,cust_BY70TU5U6A1705,13491349,INR,paid,pay_XMQHKCLHEY1704
order_51VV371V441706,2026-07-27,cust_CB2RYWQ6NC1708,120227,INR,paid,pay_VF2N0Y3CSX1707
order_3M54FHYJ0Q1709,2026-07-27,cust_L9L52P3VRF1711,821263,INR,paid,pay_WPDZ5AMZYH1710
order_X1YU23RVXS1712,2026-07-27,cust_ST4UQT2SB91714,1349998,INR,paid,pay_UQVSEVH1RR1713
order_2ZX6JJCRAC1717,2026-07-28,cust_KYGJHP5X1Y1719,85152,INR,paid,pay_VT3V0EKQDB1718
order_NXX6A3FPES1720,2026-07-28,cust_QZDPUMN2LJ1722,1071257,INR,paid,pay_ZVNSW10QFE1721
order_V5UMS2PGBV1723,2026-07-28,cust_0DKF74UE5S1725,658740,INR,paid,pay_Q4281BCWKT1724
order_PWDKQZDLLT1726,2026-07-28,cust_9KQAJBJX1G1728,7068364,INR,paid,pay_31XM4XLNNJ1727
order_QBQNS254EH1729,2026-07-28,cust_RDMTZPDFMQ1731,12511,INR,paid,pay_35ZA43K6YW1730
order_7LRBPTJCJU1732,2026-07-28,cust_ZD42S5G67W1734,791726,INR,paid,pay_5EBF5LLJUD1733
order_MSD0ZQ4K6K1735,2026-07-28,cust_US8KR7RN4E1737,173031,INR,paid,pay_X8EMKWCX011736
order_FDH958CRY21738,2026-07-28,cust_GSYMWH7GMM1740,32060,INR,paid,pay_DE5D7UCQKY1739
order_SRQ5MLBZUK1741,2026-07-28,cust_ANNUUV4BV81743,8506379,INR,paid,pay_KH0M0WS0NN1742
order_XAT5BLAZ081744,2026-07-28,cust_PLW2QTM4761746,166982,INR,paid,pay_YEWN47SM131745
order_YKB2F1YFKJ1747,2026-07-28,cust_CKWW1Q3R5K1749,585582,INR,paid,pay_BZLKUHEW2P1748
order_UMC30EXS8B1750,2026-07-28,cust_LEFMKGMEZU1752,173064,INR,paid,pay_XGNPGQCCTQ1751
order_9W01U1VH3J1755,2026-07-29,cust_MBVECULSPH1757,92128,INR,paid,pay_PUMHK3KMEN1756
order_HF64K2T9GL1758,2026-07-29,cust_LADAYNLXN11760,1321812,INR,paid,pay_8NHBDQ332B1759
order_WCWMTR9RAY1761,2026-07-29,cust_3RQMP80PP61763,258071,INR,paid,pay_L2LDD413L51762
order_8XH1M15GR31764,2026-07-29,cust_KG8QYM5E961766,3397572,INR,paid,pay_VGAENK8LNQ1765
order_B1670GC3ZL1767,2026-07-29,cust_H58HY2RVY71769,1852756,INR,paid,pay_A9GTREJ5421768
order_K10Z10LYGJ1770,2026-07-29,cust_3A4VJB4T6K1772,284888,INR,paid,pay_W4PV8LXWQT1771
order_VE417BA5V71773,2026-07-29,cust_H25RU59XP11775,164634,INR,paid,pay_SYU1TE8N8V1774
order_G0UBSUWAL81776,2026-07-29,cust_C11UDBMTSY1778,149679,INR,paid,pay_1AWLHCL1J51777
order_ANCX6VR6SG1779,2026-07-29,cust_PCY01GYPBY1781,67949,INR,paid,pay_Y2RAK4ZADA1780
order_SN4U34D86B1782,2026-07-29,cust_ZHDQTUVSJC1784,156165,INR,paid,pay_H96L2CBHP31783
order_X31ZLVC0KJ1785,2026-07-29,cust_MHAXRPU4BS1787,184295,INR,paid,pay_HWY36JW3MM1786
order_R1JMFE6RK51790,2026-07-30,cust_MVLYJWG1H81792,204154,INR,paid,pay_7L3TRYWWWL1791
order_F4EDXD9DZV1793,2026-07-30,cust_YKV49UH5HY1795,171104,INR,paid,pay_FS45VT6QZP1794
order_5NSUPCXQ781796,2026-07-30,cust_R9M3C868ME1798,221129,INR,refunded,pay_BQNH9P2FEN1797
order_6NAU3MWEWM1799,2026-07-30,cust_DG8GY36NUT1801,1256463,INR,paid,pay_H4V2WPWQ681800
order_640L1EVQP11802,2026-07-30,cust_DX6QBQXLGF1804,202633,INR,paid,pay_JS03SXDBCH1803
order_9UULU0T89V1805,2026-07-30,cust_9HDMKE45EJ1807,1641609,INR,paid,pay_5Z4LZ7XY9J1806
order_4F5AX9VSXG1808,2026-07-30,cust_MPBP98X3HF1810,59060,INR,paid,pay_TP37L919GF1809
order_FTXABLG45D1811,2026-07-30,cust_8B5AWNJ1BH1813,138792,INR,paid,pay_ZWK33PQZFW1812
order_FARJ6VJWYH1814,2026-07-30,cust_UWDJVP5P1E1816,1901013,INR,paid,pay_R3CD9WG8HC1815
order_7P01J4FPY81817,2026-07-30,cust_FZU4RFX00R1819,10907521,INR,paid,pay_1RPYRDAXW31818
order_YYHG0UR1CJ1820,2026-07-30,cust_2AXRUM9F0S1822,58642,INR,paid,pay_8R67M5BL201821
order_2ECG5WPXV21823,2026-07-30,cust_ASK72P3J8G1825,194657,INR,paid,pay_SCZHCNAJ7P1824
order_T5H9QWPB2C1826,2026-07-30,cust_5TWYHRX5J71828,1668581,INR,paid,pay_271SAMM8T81827
order_SGQAAHYN821831,2026-07-31,cust_ELQFCY45JA1833,227322,INR,paid,pay_BMJ1JYSLCS1832
order_BD7TGPLTZR1834,2026-07-31,cust_6K0S2PMMZF1836,389009,INR,paid,pay_ED6VGKKT5B1835
order_KMUASPM2GG1837,2026-07-31,cust_D6AK14LDKC1839,1913987,INR,paid,pay_DCNV093G0P1838
order_R12JEZN2BA1840,2026-07-31,cust_XAB5P5FNC41842,1884589,INR,paid,pay_X56WBDG7RJ1841
order_P0C86E07KM1843,2026-07-31,cust_E6A5SVR2DK1845,38514,INR,paid,pay_HBSWT2H7HL1844
order_JMZKF1AKXM1846,2026-07-31,cust_0BPM2YWGQJ1848,864750,INR,paid,pay_PTFKBTV46M1847
order_5VBJTYYYH01849,2026-07-31,cust_U2S6382JP51851,180698,INR,paid,pay_CJGGHWFL311850
order_89TV5SB8Q41852,2026-07-31,cust_D19N1JNWQT1854,2162262,INR,paid,pay_FHC7UJF3VC1853
order_T4C8LHQ92W1855,2026-07-31,cust_KAYXAPPADB1857,124469,INR,paid,pay_T3MKALELN71856
order_RU15RHAA991858,2026-07-31,cust_RJ7N55C0AX1860,108702,INR,paid,pay_FHSH1ABF0K1859
order_F36S0RCDB81861,2026-07-31,cust_9FWFZSX8KV1863,230794,INR,paid,pay_TQR3HGR4FG1862
order_TBJF8KJQ841866,2026-08-01,cust_7SWJ5QYN2V1868,46062,INR,paid,pay_UAK1KC9Y8E1867
order_Y5BAUFLGJX1869,2026-08-01,cust_HCD5MQDS321871,5729058,INR,paid,pay_GH2EMWYBU11870
order_R9K5FBFMNJ1872,2026-08-01,cust_33WQSV0CVM1874,43398,INR,paid,pay_3EYFJBSZA71873
order_QV0BGFXRAZ1875,2026-08-01,cust_72LLWGJ5M11877,9029014,INR,paid,pay_7PV7KSRY2F1876
order_120Y1KJTE41878,2026-08-01,cust_PZAC2G8V861880,10546111,INR,paid,pay_248TU65FLD1879
order_F9K5RA3QVQ1883,2026-08-02,cust_B11SBYGGCM1885,61166,INR,paid,pay_XU88ME99T21884
order_ZVNTFMRBH11886,2026-08-02,cust_0DDNLDNG4D1888,240105,INR,paid,pay_DV93AR7KG81887
order_CAPV6HRG7G1889,2026-08-02,cust_GU59XZAHEP1891,82257,INR,paid,pay_52CG0KYD8S1890
order_9LHB6L949A1892,2026-08-02,cust_B8H6KJN0S61894,98425,INR,paid,pay_6J5DQ5H2G31893
order_N7XQC42GAM1895,2026-08-02,cust_UNJP1MLH1C1897,1372970,INR,paid,pay_UAZY58CALS1896
order_0Y5S16B04Y1898,2026-08-02,cust_2VK0EA6APN1900,1851004,INR,paid,pay_E3HRZKFWDH1899
order_9SLUPHQJUU1901,2026-08-02,cust_WQCKGZE06Z1903,223120,INR,paid,pay_8EQBAVG3EA1902
order_U1RQXQVFFA1904,2026-08-02,cust_3HW6RXWHJE1906,13715293,INR,paid,pay_WBHT72SK781905
order_GJQZ78GXZS1907,2026-08-02,cust_U3ZT355KCY1909,7528357,INR,paid,pay_K0C5LQ0BKU1908
order_5PD85HZ0S61910,2026-08-02,cust_BM4UEV8W5M1912,17060,INR,paid,pay_Q6DPG7WVQ91911
order_MXS191K4M91913,2026-08-02,cust_PK6EPXP1621915,157388,INR,paid,pay_VC423SJA401914
order_P9386D2BS91916,2026-08-02,cust_YB9K6N2FW41918,42767,INR,paid,pay_91QMDXZRSA1917
order_WNW24D68571919,2026-08-02,cust_KM6P1J5PMD1921,2148219,INR,paid,pay_XYSL3EBR9S1920
order_G3APMMBM2A1924,2026-08-03,cust_E45BPF1N4C1926,55964,INR,paid,pay_GTM1T7ED3B1925
order_UNPM25MST01927,2026-08-03,cust_C1WSDLYWGQ1929,318992,INR,paid,pay_QH4LT43RAQ1928
order_L7MFLH0QYD1930,2026-08-03,cust_5LVYP7SZB41932,131015,INR,paid,pay_V3DJ3241XL1931
order_3VA27Z2BLC1933,2026-08-03,cust_CTSCQMLYNR1935,153065,INR,paid,pay_AGLCLMEZVR1934
order_RYECKZXYDH1936,2026-08-03,cust_NRNLUR1L3J1938,53880,INR,paid,pay_QXUXCQ18UP1937
order_YQHJTTFLD41939,2026-08-03,cust_NE65VZTLEA1941,305893,INR,paid,pay_X1WJDHKR711940
order_TFP4XGJM141942,2026-08-03,cust_6WK81S0GKB1944,213028,INR,paid,pay_EQG6ZQ1J3T1943
order_GVRD9475JS1947,2026-08-04,cust_WHMAV67C371949,177632,INR,paid,pay_5JZSJKF8RS1948
order_PRL3YGYDLX1950,2026-08-04,cust_9NLW36J1MB1952,665811,INR,paid,pay_5U3TD9X8Y91951
order_JLZVPWZF1L1953,2026-08-04,cust_V4M2NSMAFL1955,136320,INR,paid,pay_LMMYAGMY1L1954
order_FUMAA21L4C1956,2026-08-04,cust_ME6UCBQEDF1958,81603,INR,paid,pay_J21ASXDZ3N1957
order_NMJLV5FFQ01959,2026-08-04,cust_1T1H2D63J11961,107086,INR,paid,pay_AC2B9K57CW1960
order_YAAWQ5MNT31962,2026-08-04,cust_ASUF3VJNG01964,147714,INR,paid,pay_F43KQHPN2H1963
order_F7NMVMCLUQ1967,2026-08-05,cust_3XN80S4ALY1969,291466,INR,paid,pay_4VTTE7LQTY1968
order_Q0J2CT5MN91970,2026-08-05,cust_6TMF1TRWBC1972,1025365,INR,paid,pay_3TEAAXQ8XW1971
order_ES3DV72GUQ1973,2026-08-05,cust_F4Y2S25J0Q1975,1250248,INR,paid,pay_589STP5D101974
order_EZVF9Z9CDK1976,2026-08-05,cust_0BURZ23CXC1978,1946879,INR,paid,pay_46LHA9VXC51977
order_T38RPB164P1979,2026-08-05,cust_TFB84883XP1981,1181569,INR,paid,pay_B16HJMM2261980
order_C06P2PVL881982,2026-08-05,cust_5DS3E14B211984,1668204,INR,paid,pay_61BWWBVJJH1983
order_E1LA6NM8FL1985,2026-08-05,cust_A3VSL1ULBP1987,25941,INR,paid,pay_7HK2WPQ5F51986
order_RFRWVBHUY21988,2026-08-05,cust_S9LTQ8TRDK1990,184191,INR,paid,pay_4B0MEX4NAZ1989
order_H268A00TQH1991,2026-08-05,cust_AN4CH6DK2V1993,151137,INR,paid,pay_X9DG0SK8FX1992
order_PB8C9E5L1K1994,2026-08-05,cust_5K98XM5TFE1996,22463,INR,paid,pay_9L2MUV9WBB1995
order_H0HL611JAC1997,2026-08-05,cust_STTPW0MSX91999,120782,INR,paid,pay_9JBRH5DM2N1998
order_MAUKVLZP2B2000,2026-08-05,cust_1DR04AJUR02002,420336,INR,paid,pay_FKQ5ZRAMT42001
order_12KNJQ3C012005,2026-08-06,cust_JDSM90ML2J2007,196625,INR,paid,pay_592UEJZV7M2006
order_E52MNY0KRP2008,2026-08-06,cust_AVHRS9MD9S2010,114273,INR,paid,pay_W618574MZ32009
order_WN9NFKJ1AB2011,2026-08-06,cust_QCUEPVHBP92013,450583,INR,paid,pay_AEUVD51KEV2012
order_6JC3W0VLJU2014,2026-08-06,cust_733GS1JCZ12016,49826,INR,paid,pay_AXKD9MQXQB2015
order_F6ZRA422G92017,2026-08-06,cust_SHLWQEN6W12019,11030,INR,paid,pay_3X6KUAVRV72018
order_77NLE7YDQ22020,2026-08-06,cust_P5CNVMUVT42022,139976,INR,paid,pay_FMCKXEN96N2021
order_T73B42JQWE2023,2026-08-06,cust_6RLYFTY0NS2025,9922,INR,paid,pay_A62WEE6CYF2024
order_Y8AYYFGW4S2026,2026-08-06,cust_DUARAVWVHT2028,403877,INR,paid,pay_T1ZRH1D76A2027
order_KMFBP01LCR2029,2026-08-06,cust_LXF0U3PPRX2031,6171563,INR,paid,pay_8Z1TB4AK1W2030
order_N5VSB88D372032,2026-08-06,cust_FFNK00GGXT2034,24447,INR,paid,pay_C86CLCHFUQ2033
order_XL1RMHH1CU2035,2026-08-06,cust_TZTU6DJNF42037,22232,INR,paid,pay_5LKBWQ6A662036
order_EXRT2702J22038,2026-08-06,cust_EVBJZ74AP02040,205432,INR,paid,pay_MRW0AZQAJ02039
order_Z5ZQHM1CD32044,2026-08-07,cust_CWUUUXQ8FH2046,1214832,INR,paid,pay_CJ5Y7UWSTJ2045
order_H0YY9PUUX12047,2026-08-07,cust_20AR2G2JV32049,156978,INR,paid,pay_1LLZKH77DW2048
order_4K21BJNYEZ2050,2026-08-07,cust_F37GW3DY942052,87581,INR,paid,pay_8ZBEZNAE4Q2051
order_MSVEPRWV4S2053,2026-08-07,cust_5HF913V1P32055,43703,INR,paid,pay_D0SZPGW5DW2054
order_RNW7S51AZ52056,2026-08-07,cust_MLBZ37RPNK2058,42158,INR,paid,pay_DMR66FSRAG2057
order_JP1USCMJWR2059,2026-08-07,cust_LQXKCJRMBG2061,696067,INR,paid,pay_L150MSL46R2060
order_E3NQM9TUJP2062,2026-08-07,cust_XTXJ0D4W3E2064,250278,INR,paid,pay_V7E9KA6XWF2063
order_4APZDR0CXW2067,2026-08-08,cust_J7TB36Z8L32069,309301,INR,paid,pay_L8VJUFC6VD2068
order_A3LACR1N8Y2070,2026-08-08,cust_G9P7TES83C2072,107221,INR,paid,pay_1S2EU4TW7P2071
order_WAUPK23UPJ2073,2026-08-08,cust_XUXQSBAEM42075,910590,INR,paid,pay_JQS0GJGLEG2074
order_JN9V7VMLX12076,2026-08-08,cust_496DXUE09D2078,592567,INR,paid,pay_587E889KJP2077
order_NSZ1V5T1BW2079,2026-08-08,cust_N1HDDK2F012081,1783620,INR,paid,pay_834T0NRA4K2080
order_WYW482TX792082,2026-08-08,cust_3TAAD094X92084,119658,INR,paid,pay_1WWY7YGMS62083
order_UDYE20YSWG2085,2026-08-08,cust_KNN923B8QW2087,528485,INR,paid,pay_KMSVSE86UA2086
order_E4BR2NCVTK2088,2026-08-08,cust_TEPTA3E6772090,1781318,INR,paid,pay_P82DMCXDQB2089
order_SBXCJ3ALST2093,2026-08-09,cust_B5NVKCQG452095,717186,INR,paid,pay_KCQFY9JX9T2094
order_5ZZHVE83T92096,2026-08-09,cust_TG2LRQL3BZ2098,124400,INR,paid,pay_LNA89JW9182097
order_TL526U9PG42099,2026-08-09,cust_F58KUK0ZXV2101,173139,INR,paid,pay_NA01MPFZF92100
order_B2KRJ5KQ6H2102,2026-08-09,cust_WT4DT54WSE2104,1495120,INR,paid,pay_48BKLQ6DC32103
order_WN9EC4P58E2105,2026-08-09,cust_1P8S842P9B2107,92202,INR,paid,pay_YEW7DVZ80L2106
order_61FKR1GMHB2108,2026-08-09,cust_7A10CHD5JQ2110,13496551,INR,paid,pay_XFGK90G8JB2109
order_K0QQT83V5C2111,2026-08-09,cust_QNXY4A74RG2113,1486228,INR,paid,pay_RWC27W58292112
order_PGWXXCW4CY2114,2026-08-09,cust_VZ8PGEVEV62116,1630345,INR,paid,pay_JF96Q9TTSC2115
order_GKQWDN14HW2117,2026-08-09,cust_TY38US26UB2119,1721279,INR,paid,pay_1EC444DKQV2118
order_3VBE3PJW6P2120,2026-08-09,cust_4QG81PCJFX2122,1137637,INR,paid,pay_78PHY7Z4LK2121
order_VLQQMVF0ZE2123,2026-08-09,cust_06S0MHYYUF2125,194769,INR,paid,pay_YSR30B5PVU2124
order_H3E4AXALLE2126,2026-08-09,cust_0DSP74UBJJ2128,169744,INR,paid,pay_8G1EUGQVT62127
order_RNBK3YB0MH2129,2026-08-09,cust_EAJW1RTMCJ2131,184078,INR,paid,pay_N2045H02232130
order_QTCEP43Q272132,2026-08-09,cust_1HTUBLPRYE2134,193125,INR,paid,pay_YBG64EWKVT2133
order_XXEPTUS16K2137,2026-08-10,cust_T0FZ6UNKYF2139,56797,INR,paid,pay_MQAV6RQESZ2138
order_5995WPEJAU2140,2026-08-10,cust_ND9Z8DDG6R2142,214809,INR,paid,pay_AWUR4733G82141
order_FWFESQ362L2143,2026-08-10,cust_3VJX5D2AK32145,162545,INR,paid,pay_GA7E5GC19W2144
order_EZSMNA1CDM2146,2026-08-10,cust_LUGGUKB1262148,762525,INR,paid,pay_NDM83XXBWJ2147
order_SWKBG13RP92149,2026-08-10,cust_MMDZ0JBGCE2151,29662,INR,paid,pay_KJJJTCCWQJ2150
order_VPQGNQMZM92152,2026-08-10,cust_JPVM81VV432154,786925,INR,paid,pay_0HPLRSX2UX2153
order_833NTMDYR32155,2026-08-10,cust_FXM01ZXET72157,162900,INR,paid,pay_56RTZM6QY12156
order_R8D22VGT6Z2158,2026-08-10,cust_WQXP2JXRKU2160,8203072,INR,paid,pay_QR1ZLU4T132159
order_07KVGX6FL52161,2026-08-10,cust_3RB2G1KU6R2163,1732841,INR,paid,pay_2NQWTPU2X82162
order_E2GYQ8FG182164,2026-08-10,cust_0D6LAGT36B2166,1841564,INR,paid,pay_N5FBRB7P6J2165
order_TPHJHU1NV42167,2026-08-10,cust_PNG5JVAP1S2169,1060753,INR,paid,pay_1MWTKL0UY12168
order_HM20U5F24B2170,2026-08-10,cust_LYBH1RTCFN2172,417612,INR,paid,pay_2QPXQHCG0G2171
order_CK922H1CEC2175,2026-08-11,cust_KDPWNE3D6G2177,588794,INR,paid,pay_RUKHNS8XVS2176
order_GP0DFW6GF72178,2026-08-11,cust_L9FUFHJ5VW2180,1490839,INR,paid,pay_HPJGVBJV5A2179
order_EP368Z70U32181,2026-08-11,cust_ULRKHYUDER2183,13697081,INR,paid,pay_NERFC7VH0H2182
order_XD23M0E2SY2184,2026-08-11,cust_U7E5T99Y302186,5653993,INR,paid,pay_XLWM7VEAJZ2185
order_QDBZGX34Y12187,2026-08-11,cust_K01JZ1ZBS02189,159377,INR,paid,pay_PZZ8UKM4F52188
order_CFUTHQA0822190,2026-08-11,cust_DTG7JKA62L2192,183789,INR,paid,pay_MSC84GAA222191
order_HYLJQKKMMK2193,2026-08-11,cust_CATFCT4HQZ2195,39082,INR,paid,pay_UAT6WK9NYV2194
order_YBWNW4KL9J2196,2026-08-11,cust_BJBEBVGUXR2198,766475,INR,paid,pay_A3UHZ7C59R2197
order_HKGQ4SR1AW2201,2026-08-12,cust_23DVYK93A02203,1871326,INR,paid,pay_XWY7ZVBTMA2202
order_X25RQ4TZ4C2204,2026-08-12,cust_VDJYQB8TN62206,1064758,INR,paid,pay_F1WK42FQ2E2205
order_1UTV57MWAU2207,2026-08-12,cust_TF5JVHXXR12209,587073,INR,paid,pay_MRKSMPV8AC2208
order_XW5UB0M70A2210,2026-08-12,cust_XUYMQFWJ902212,150036,INR,paid,pay_LTLZ4DRPQK2211
order_J31MF4LG7U2213,2026-08-12,cust_YRM10P6A1Q2215,15209,INR,paid,pay_LJJBVF25MH2214
order_CPHQL8CVYA2216,2026-08-12,cust_ZQ77FDADBM2218,1826060,INR,paid,pay_MKC2GDGRRP2217
order_G0KMX0T7E82219,2026-08-12,cust_PJQF055EUX2221,1152377,INR,paid,pay_ZYVA4KQAUY2220
order_UR4AHUYNGF2222,2026-08-12,cust_2EJBLFW6D22224,202291,INR,paid,pay_47323XDYM62223
order_DKJREH164B2225,2026-08-12,cust_HYKEJ09U8Z2227,1560610,INR,paid,pay_063PXRJKN72226
order_FFUKVNBCBR2228,2026-08-12,cust_Y800PJ6SG72230,140442,INR,paid,pay_5XRKREPKS32229
order_72XEXP9JCG2231,2026-08-12,cust_34QZEK7MTW2233,188947,INR,paid,pay_GTB0YL31UM2232
order_HKD2J427MQ2236,2026-08-13,cust_V3ZAMKNU752238,97404,INR,paid,pay_WB4PSTJEJH2237
order_AUY75JZH9U2239,2026-08-13,cust_KRN4KDTWE12241,13569120,INR,paid,pay_D5BPQ9JFU42240
order_4A1N2QJ93N2242,2026-08-13,cust_TJ0SPPP3402244,201224,INR,paid,pay_AHEJKBD9U82243
order_L17FP0AXSU2245,2026-08-13,cust_SZFPZDAEGX2247,10548139,INR,paid,pay_3JBZ2TDHNK2246
order_Y9DDP98CUS2248,2026-08-13,cust_8XEPXN9GT82250,134469,INR,paid,pay_EDUDTREY102249
order_WY8DNCAG192251,2026-08-13,cust_CK5G19P6G32253,129983,INR,paid,pay_W0U4H74SCF2252
order_0393HF604Y2254,2026-08-13,cust_XPZNSYEY3W2256,145155,INR,paid,pay_9NNL2E6CWB2255
order_ZRZRR8LUL02257,2026-08-13,cust_337PANAK8X2259,1393854,INR,paid,pay_1KG56XCEXT2258
order_5M603QSWEZ2260,2026-08-13,cust_A5NA6JA5QL2262,226360,INR,paid,pay_DLWJ9ZV3GR2261
order_U7PDY646G32265,2026-08-14,cust_2UC09RNUTB2267,87285,INR,paid,pay_H6G0Z3Y1152266
order_KLUJ0ZN5NM2268,2026-08-14,cust_6R2DHX7HFX2270,1018911,INR,paid,pay_JFESRA5BZU2269
order_CE1K2AB8CJ2271,2026-08-14,cust_U88PY7FMGU2273,451709,INR,paid,pay_1YPS5X5PQW2272
order_FS0R820URK2274,2026-08-14,cust_KV1XSL7JUA2276,159357,INR,paid,pay_BPF7J23ZK92275
order_KB1DFV0BWF2277,2026-08-14,cust_NRW2P0NAFD2279,1695369,INR,paid,pay_BXTPK7H1ND2278
order_D9RE49HAVC2280,2026-08-14,cust_DSQ423FR212282,1485920,INR,paid,pay_M9QXTEXMDQ2281
order_YQEFCYPRA32284,2026-08-14,cust_3Q62YBG1732286,10881,INR,paid,pay_7N48UJGHVJ2285
order_8761J9P2R32287,2026-08-14,cust_M333488AN42289,456136,INR,paid,pay_9YBF1L51ML2288
order_WLMA5URWGJ2290,2026-08-14,cust_UBNZBWBEUH2292,113492,INR,paid,pay_WX665K3W702291
order_0X6NEJY1YF2293,2026-08-14,cust_AMSTM947Y52295,214558,INR,paid,pay_4FHV93CDZC2294
order_BKNBHGKXAE2296,2026-08-14,cust_MLQN2PHB0L2298,1597546,INR,paid,pay_81C7TLB1YK2297
order_NBJSM03JS42299,2026-08-14,cust_1Z27SD07PZ2301,140572,INR,paid,pay_ZR6UBW7FTV2300
order_QSXET032Y82302,2026-08-14,cust_7P31V9WRKB2304,107595,INR,paid,pay_NT8NUQY3L22303
order_6A8URL2PSV2305,2026-08-14,cust_CMT15LAD5N2307,147401,INR,paid,pay_R3XCYBVWDZ2306
order_NC54Q7KWTY2308,2026-08-14,cust_CJAVXBMGVP2310,208646,INR,paid,pay_ARBE2JXYHY2309
order_J5SQQ7XNFG2311,2026-08-14,cust_5SK30MYHD92313,26868,INR,paid,pay_HKRYBTL1YM2312
order_J6MG25NR4S2316,2026-08-15,cust_SGM3B8S9H82318,9010846,INR,paid,pay_0GJFW6Z3L32317
order_D3QF3RBRXE2319,2026-08-15,cust_4QGMPTQ99C2321,13600,INR,paid,pay_37DVXCXKJ22320
order_FUKDKZR1VZ2322,2026-08-15,cust_Z405MEHXUB2324,232777,INR,paid,pay_CKMRGRSJ6Z2323
order_F9NVR3ZQFC2325,2026-08-15,cust_5J0XE4PL8H2327,657020,INR,paid,pay_L66HGWB2KH2326
order_FZNDSTWDAM2330,2026-08-16,cust_DLW8141DRD2332,976153,INR,paid,pay_AJ09R7CPVY2331
order_PT25YVEKR32333,2026-08-16,cust_WGRRT0DGVL2335,214600,INR,paid,pay_8GCERJ4MED2334
order_LZRMCNE09H2336,2026-08-16,cust_58V736MCCB2338,71509,INR,paid,pay_2Q2ARF6R0A2337
order_GD6A5H3RTZ2339,2026-08-16,cust_HFSVZSZ26K2341,77265,INR,paid,pay_BWGMP5A9ZF2340
order_0HM537FR442342,2026-08-16,cust_J104QBZZ7P2344,98617,INR,paid,pay_H882K3RY1G2343
order_96UCLJPU0E2345,2026-08-16,cust_UHE52GVMGZ2347,152629,INR,paid,pay_VV10M73PPA2346
order_H12P2S6BS02348,2026-08-16,cust_BTQ7Q1QFYM2350,69344,INR,paid,pay_W0086BP0QA2349
order_HL6D0XQTEC2351,2026-08-16,cust_LT6H9NBFH42353,1732575,INR,paid,pay_SD0KGF4LJ82352
order_D6X499S6U42354,2026-08-16,cust_X2Y9GGA3E72356,1089864,INR,paid,pay_DWLJG7HHT22355
order_W2RG2NGL5Z2357,2026-08-16,cust_8EFP9D19LD2359,1685943,INR,paid,pay_Y4M2G2V2P72358
order_A7E37YNLH02360,2026-08-16,cust_CCVDR6LYUZ2362,1598472,INR,paid,pay_QN2HRE69XT2361
order_619XC3VZ5J2367,2026-08-17,cust_18EEPP6N342369,268196,INR,paid,pay_TCMG56NXF22368
order_H6QUAMVJLL2370,2026-08-17,cust_WVAGGVUTLU2372,45573,INR,paid,pay_TG9QD2RMR32371
order_KBLTRZAV422373,2026-08-17,cust_UGV7YNEN5C2375,817806,INR,paid,pay_YFH83EX2TA2374
order_JVWFD8M0EE2376,2026-08-17,cust_R60033MLYQ2378,176698,INR,paid,pay_BNW0WTMMCM2377
order_QRSP6ZG9032381,2026-08-18,cust_0JXXB4TPXB2383,168368,INR,paid,pay_SC83ZUMURM2382
order_9ZT6AR33UW2384,2026-08-18,cust_9NACXTJ85P2386,592022,INR,paid,pay_PWG61XCS5H2385
order_109334S5B22387,2026-08-18,cust_BP9S4GX16Y2389,14407957,INR,paid,pay_G5B3DFS4FF2388
order_AXE83BG07U2390,2026-08-18,cust_TWBX22Q7XV2392,95304,INR,paid,pay_SMPUPZ39WB2391
order_SM3E6LX4HV2393,2026-08-18,cust_V8E2R9UR2D2395,196528,INR,paid,pay_CJXDRW73M02394
order_YQBFBFK40X2396,2026-08-18,cust_906DP0W2KD2398,144156,INR,paid,pay_FPAU8ZK75Y2397
order_SVUPS180RQ2399,2026-08-18,cust_D4QH4VTY552401,702212,INR,paid,pay_GEKNQZ42F62400
order_J0R14WC8772402,2026-08-18,cust_YN45SBR6052404,118290,INR,paid,pay_S7ZTURU8XJ2403
order_BSKB625YFV2405,2026-08-18,cust_DDCCTC2Z1Y2407,840122,INR,paid,pay_4YNVFEW6PP2406
order_USXR9X3ZRX2408,2026-08-18,cust_BFEDRVZ2EF2410,205161,INR,paid,pay_MNJ23CACS52409
order_81WFFGW8P42411,2026-08-18,cust_8287AT52102413,1503790,INR,paid,pay_T13EVV643F2412
order_BZJZ1XZB9E2414,2026-08-18,cust_BWT6R3MKES2416,1735139,INR,paid,pay_TLQQAMM73U2415
order_F00CV7V4RP2417,2026-08-18,cust_JANWSUGBLQ2419,66596,INR,paid,pay_FS58XLS5VV2418
order_YF22V76VGP2420,2026-08-18,cust_ZNT2WFYP9Z2422,69055,INR,paid,pay_FPZE8NAKY82421
order_ES0NSJMVLG2425,2026-08-19,cust_6NUFFU1FNR2427,661205,INR,paid,pay_Z5RDGME8WK2426
order_YZNDEWQCND2428,2026-08-19,cust_VWW523RVWV2430,177964,INR,paid,pay_VUA44FGD2Z2429
order_MGK2TXKD2V2431,2026-08-19,cust_9JLSJH1K282433,1806050,INR,paid,pay_FGB2G00FBD2432
order_7Y1L00KB9N2434,2026-08-19,cust_JJ5DNLKBC52436,31846,INR,paid,pay_T7FAAYQJY72435
order_MSA2YV6S412439,2026-08-20,cust_SPCG0XY3JQ2441,217333,INR,paid,pay_XCBSF88X312440
order_8840Y3REP02442,2026-08-20,cust_T6T4FAP8BP2444,1363258,INR,paid,pay_D2JJBFGN0A2443
order_S9WRLUVEHS2445,2026-08-20,cust_26PDXQJ17A2447,198913,INR,paid,pay_5DZQV4JRYF2446
order_9192X0KLZM2448,2026-08-20,cust_PC388X3V372450,143733,INR,paid,pay_L9LAH9PKRZ2449
order_B1TWQ6TTW62451,2026-08-20,cust_XL87T5TFEU2453,1303571,INR,paid,pay_XKFQYNF6WY2452
order_L34WHH73SX2454,2026-08-20,cust_1493RADPY82456,242506,INR,paid,pay_QT2YWEY3VH2455
order_1NCFW6KMTK2457,2026-08-20,cust_9S3DF8CTAP2459,38803,INR,paid,pay_J9TPVL602D2458
order_AEXQ4RZ9112460,2026-08-20,cust_K1C37T1J7J2462,11287007,INR,paid,pay_7GYWST2BYR2461
order_P1VEGK9Y242463,2026-08-20,cust_B75XWJFL0M2465,1821578,INR,paid,pay_K8ZCLFYWPR2464
order_Z168TU1A4B2466,2026-08-20,cust_EKTVGVLXPG2468,169110,INR,paid,pay_6XFG8E56ZZ2467
order_M9R9X6T4432469,2026-08-20,cust_PVQ367GX2M2471,12400406,INR,paid,pay_Y0WC6BZWVS2470
order_TD71RVHYPZ2472,2026-08-20,cust_5QUSRES6JM2474,1990779,INR,paid,pay_55HDDHHXS52473
order_Y7V7Z8G21C2477,2026-08-21,cust_4AVB5GS14G2479,213126,INR,paid,pay_K9SHN2LRPV2478
order_7RUHYWXC9P2480,2026-08-21,cust_GBE5YBCG4C2482,1283266,INR,paid,pay_7UZ1CH5BN02481
order_TC73M9WWG12483,2026-08-21,cust_37RZY92C7D2485,217145,INR,paid,pay_KHZR341RYN2484
order_PTFPQYGNAE2486,2026-08-21,cust_1QW624ET9B2488,149879,INR,paid,pay_TND5VL7VQ32487
order_AD5QZ3ZK0B2489,2026-08-21,cust_8903GFJJNL2491,1649975,INR,paid,pay_8MXM2R6SEK2490
order_LWL0FG7KXV2492,2026-08-21,cust_WTUEH9GXFP2494,182305,INR,paid,pay_1W4ST0ZPMZ2493
order_8BXKDPGP432495,2026-08-21,cust_BES9RNRWTD2497,5147074,INR,paid,pay_8VGT7FS0JL2496
order_LP0ANA861U2498,2026-08-21,cust_0KZA626E2M2500,126007,INR,paid,pay_56CA263GR52499
order_U991DVG80Q2501,2026-08-21,cust_VGF1CWQB0S2503,20856,INR,paid,pay_CQL0VX1S352502
order_7AQVJXH4DH2504,2026-08-21,cust_TMHXRER1JX2506,157895,INR,paid,pay_EZGN1K15A52505
order_JMH3B85ZT82507,2026-08-21,cust_A2Z4RWF6VX2509,10803,INR,paid,pay_AKQNZQ8VNF2508
order_YHBLFVDFKR2510,2026-08-21,cust_G77F7BNCY22512,66961,INR,paid,pay_NFXZ86AQX52511
order_A0TQVW5QF62515,2026-08-22,cust_SXHAVTCV4P2517,25796,INR,paid,pay_RCQQMS24X72516
order_0BXUL6D5ZV2518,2026-08-22,cust_4ZUY2X5K852520,100192,INR,paid,pay_62HGGD661V2519
order_PU8XTBPA8S2521,2026-08-22,cust_P9J26C44542523,188976,INR,paid,pay_09Y2A30M2E2522
order_P2K0Q75M4E2524,2026-08-22,cust_C2LUNLQNRD2526,20616,INR,paid,pay_FD4RYHJ2MM2525
order_QST0B1B0SQ2527,2026-08-22,cust_VFJ8XR6DC02529,164404,INR,paid,pay_A1YJNX41WJ2528
order_XU6XRGH9AS2530,2026-08-22,cust_2VJZXB63942532,242102,INR,paid,pay_LZYVK9AWR42531
order_MCQJLHRE6C2533,2026-08-22,cust_97NESLVZ2M2535,187826,INR,paid,pay_FW12PJ696L2534
order_1VVH3ARNM82536,2026-08-22,cust_VXFKBKLAF72538,1243818,INR,paid,pay_A6ABWFCM972537
order_E1T97JEDT12539,2026-08-22,cust_STLDQ1D6XU2541,81095,INR,paid,pay_2J5WBGYL142540
order_NAZ87KRP1A2542,2026-08-22,cust_7ETX8G5AGZ2544,5164842,INR,paid,pay_3DFSX4KQJ12543
order_376JBJYEJC2545,2026-08-22,cust_N6X8LGXZWH2547,1435931,INR,paid,pay_HKYJRQK4AT2546
order_4FULB5X5VH2548,2026-08-22,cust_F9REMV64R32550,65215,INR,paid,pay_VMV5R2L0JY2549
order_SVNVNXV5972551,2026-08-22,cust_CLDQTBUJU62553,241076,INR,paid,pay_L0Z6HX1VQ92552
order_BDUAE2Y6Q62554,2026-08-22,cust_KCQ2QDFTDG2556,356041,INR,paid,pay_2JUL10JJZS2555
order_T4VLLRW2262559,2026-08-23,cust_5R1WACNKBC2561,203090,INR,paid,pay_6FYRBLL3LV2560
order_52EVVK487R2562,2026-08-23,cust_KD34ZTQNVQ2564,230737,INR,paid,pay_WWSDUMRH172563
order_TWPMYM86QX2565,2026-08-23,cust_TXRPDMQ3VG2567,14939,INR,paid,pay_5NR8GQRB6Q2566
order_6SBZN5LDRQ2568,2026-08-23,cust_GB7FZYW7DT2570,208645,INR,paid,pay_YCWE1DJRJW2569
order_VX1VEFLZZF2571,2026-08-23,cust_YBYQVSE6HX2573,49827,INR,paid,pay_JWQ8C79EFR2572
order_Y7H13QM8JT2574,2026-08-23,cust_RWJAA53EWC2576,908629,INR,paid,pay_2RB3H2JEZ32575
order_08Y245EVNP2577,2026-08-23,cust_GDPK7898GP2579,92316,INR,paid,pay_3B8CCGCFU22578
order_1H0R9H286Y2580,2026-08-23,cust_L06M9CA6K72582,244736,INR,paid,pay_F9Y2CYC0X12581
order_HU4KN5PY2U2583,2026-08-23,cust_ZGSYUP25FS2585,1768343,INR,paid,pay_B59QBQD1492584
order_C309824ZEX2586,2026-08-23,cust_1PVRF8D4PK2588,157827,INR,paid,pay_7GF3VY3CYZ2587
order_Y9Y3XPR6662589,2026-08-23,cust_GZU6KAGKSD2591,532492,INR,paid,pay_RBNG076GL22590
order_XWBDXUC8CP2592,2026-08-23,cust_G1PANUR9QD2594,6866606,INR,paid,pay_715R986JV02593
order_UQWLVQB7TG2595,2026-08-23,cust_YG90LKXK4W2597,30732,INR,paid,pay_42WT20K87N2596
order_HMPJ79UT7C2600,2026-08-24,cust_VVKAKLSKS12602,195927,INR,paid,pay_0N2FWJ61WU2601
order_5R5EVZCQEH2603,2026-08-24,cust_0FBS5F8HGJ2605,762368,INR,paid,pay_CK00HSHR2A2604
order_KV72PUECQS2606,2026-08-24,cust_AXFQLWH4AV2608,1043489,INR,paid,pay_FTFNE9GHGV2607
order_Z2ATD05GU82609,2026-08-24,cust_TW6JK5W6TD2611,141582,INR,paid,pay_59PEBNGSY02610
order_QP4SS94AQR2612,2026-08-24,cust_0BQL34YQEC2614,307297,INR,paid,pay_GQ1UFM1VEA2613
order_RFCFB1XU2G2615,2026-08-24,cust_4U915V09T82617,113860,INR,paid,pay_LWQ1C0UBDT2616
order_AR1GBD55AE2618,2026-08-24,cust_9GHE4G3DCT2620,132399,INR,paid,pay_47Q6WVNNC42619
order_TUUFYX34TQ2621,2026-08-24,cust_6BPQZRADVM2623,34233,INR,paid,pay_QQ9V2XZLQG2622
order_P0H65RG5PV2624,2026-08-24,cust_XRK605FSFR2626,979774,INR,paid,pay_3KT87KNY902625
order_H604C3AZZG2627,2026-08-24,cust_B1NZS1V1P42629,1908912,INR,paid,pay_6QW5JHH0JX2628
order_HDFW3E2E5N2632,2026-08-25,cust_JN9V0D16JN2634,1919904,INR,paid,pay_SS8FJFQAD82633
order_S9H75R2ZW22635,2026-08-25,cust_F91UH60EQB2637,79026,INR,paid,pay_EJJE9JJB2P2636
order_H3R38NWE252638,2026-08-25,cust_JK15GM0R5S2640,78528,INR,paid,pay_3TARKQEQMX2639
order_WLMWM2SSV92641,2026-08-25,cust_QC3SB9BW762643,1440491,INR,paid,pay_TR338HHEVQ2642
order_YD0L696DLY2644,2026-08-25,cust_M11BPKNW8V2646,915350,INR,paid,pay_GKBT0R5LH22645
order_LPPBACZ1RC2650,2026-08-26,cust_C699NFL4Q32652,6893303,INR,paid,pay_8KLSJ85QLH2651
order_YKMA6JAE4B2653,2026-08-26,cust_1WELWYXFBB2655,859449,INR,paid,pay_UJ6SE3L73P2654
order_8HVSJJ3MPD2656,2026-08-26,cust_K9QANTKTN52658,317866,INR,paid,pay_AP2A4JJRWC2657
order_H3KBH21QH32659,2026-08-26,cust_TSEB0G31S52661,1454427,INR,paid,pay_306VARPASZ2660
order_UUXBGXG72V2662,2026-08-26,cust_AWB22GNHXL2664,153186,INR,paid,pay_K2L9AJUGHY2663
order_RLJDW8N54V2665,2026-08-26,cust_ZCGFHXLWW82667,192910,INR,paid,pay_RYTDV71MXN2666
order_4M1CQF4TBR2668,2026-08-26,cust_JMQZXUZMCW2670,1220995,INR,paid,pay_BSY8A6H3EV2669
order_W47FGN4QBV2671,2026-08-26,cust_AY95CGYLMH2673,1178943,INR,paid,pay_X52K4SWGF02672
order_90DA8NT53E2674,2026-08-26,cust_R6J5GX1DQP2676,195843,INR,paid,pay_J89QA7T0GH2675
order_VTW5SVTHC42679,2026-08-27,cust_YG1BSRX8P92681,1776723,INR,paid,pay_1L3J0XUQV42680
order_D53Z8W48Q72682,2026-08-27,cust_7PD4G550GN2684,12684241,INR,paid,pay_X2E069VPVC2683
order_A78P0LKNN82685,2026-08-27,cust_MQFJ1WNL5R2687,1596200,INR,paid,pay_WUARN2XJXC2686
order_XHU4KSDNJJ2688,2026-08-27,cust_YWZY4CKCC22690,1740939,INR,paid,pay_RT67EU3XCR2689
order_N2VSZT61HL2691,2026-08-27,cust_1GKLKRBZ0U2693,29205,INR,paid,pay_GRFK6A2WB42692
order_YRASZZWXXD2694,2026-08-27,cust_PQJ72NDS2C2696,192083,INR,paid,pay_J2PX3A777V2695
order_R10K3BMMKD2697,2026-08-27,cust_BEXGMCDPPS2699,191901,INR,paid,pay_4ZXB1G5C352698
order_36LH0MENRQ2700,2026-08-27,cust_FLM2CDJK8Q2702,1208599,INR,paid,pay_EL0KHAXQB62701
order_M5DWUW74LK2703,2026-08-27,cust_DUS22Z8WJT2705,83229,INR,paid,pay_D1NKL9BFL22704
order_2B3S4KSXMZ2706,2026-08-27,cust_AT2W655D3F2708,231317,INR,paid,pay_5P45S67SA42707
order_85KVK19DJ82709,2026-08-27,cust_N7E93CX0182711,10622635,INR,paid,pay_K1E0SH4BAX2710
order_10V6ZEK59N2712,2026-08-27,cust_BFFSB94AH62714,405756,INR,paid,pay_HMSJZRZTF12713
order_17GZLC65GD2715,2026-08-27,cust_4KU2FDWEFC2717,1884613,INR,paid,pay_6UDUQQ3Z402716
order_Q3W4VSLYK02720,2026-08-28,cust_4UCZFNR5Q42722,949951,INR,paid,pay_SLDUF1UHYP2721
order_40H0A9WX7F2723,2026-08-28,cust_TTC8DPX81L2725,1079360,INR,paid,pay_5VCZ9V198F2724
order_Y4SSXB3PMS2726,2026-08-28,cust_9ZES238WQL2728,1663145,INR,paid,pay_ZRWK4GGHFD2727
order_2H8PD5NTAC2729,2026-08-28,cust_XUL96GKEU62731,226628,INR,paid,pay_KK2SKY7JAX2730
order_T4V0AUMR5G2732,2026-08-28,cust_7XDTYKM3432734,1382110,INR,paid,pay_6S6MFS3F5M2733
order_5956XUTX8S2735,2026-08-28,cust_AX3M5XEPS02737,10698482,INR,paid,pay_4UERTAHJP22736
order_HKT9UU6R3Y2738,2026-08-28,cust_5B2XS9BWQG2740,17034,INR,paid,pay_2HEZ21JJRD2739
order_J4VRRDP4M72741,2026-08-28,cust_GJEPA7M7D12743,195118,INR,paid,pay_E2LUV5Y2NE2742
order_VY8X810QY32744,2026-08-28,cust_EL903CWT092746,192602,INR,paid,pay_WUF9BL9MXJ2745
order_5FLPLBP3092748,2026-08-28,cust_6K950BRKA82750,171615,INR,paid,pay_3UJ460J3XM2749
order_T4FA2MQQTY2751,2026-08-28,cust_CDSXPX9Y6P2753,69274,INR,paid,pay_Z6RX3MNJ472752
order_QJLY4BVLSC2754,2026-08-28,cust_CUGG26EZ2U2756,9755807,INR,paid,pay_KXXXU29Q452755
order_Q91X0AVT8S2757,2026-08-28,cust_Y54BA3LRSW2759,1215182,INR,paid,pay_37QPMMELUX2758
order_TL2TC72BWP2760,2026-08-28,cust_87F0KQRY3D2762,1670797,INR,paid,pay_DFJDQR8BHR2761
order_ECBHZPP5TN2763,2026-08-28,cust_EW0Z3Z5UY72765,1399479,INR,paid,pay_W15BJ47L852764
order_ZZBXWR0JF42766,2026-08-28,cust_JZKD598LE12768,1532629,INR,paid,pay_HV8ZUEQYLW2767
order_MFVZ7UUWKD2769,2026-08-28,cust_KVDNZRMFLU2771,27490,INR,paid,pay_PCJ60S5NB82770
order_MN3QUBSFMF2772,2026-08-28,cust_SFJRKWV2AF2774,193985,INR,paid,pay_CZLY6WDBU62773
order_FP8FQCFUVC2777,2026-08-29,cust_NHGC8KEPNW2779,53264,INR,paid,pay_L9D9E02VZL2778
order_PG4KQ317DV2780,2026-08-29,cust_CWBHRPLBRT2782,14198043,INR,paid,pay_E6FAPFH86U2781
order_B7ES961YD72783,2026-08-29,cust_H1BN78EFDW2785,1151476,INR,paid,pay_5YKY5KQE0P2784
order_N0PD315BAY2786,2026-08-29,cust_B7GW9AB7ET2788,2519706,INR,paid,pay_T111RJRP5D2787
order_RMPVPB1X7U2789,2026-08-29,cust_K9WKZXTYWH2791,665027,INR,paid,pay_U9NLR5XA7M2790
order_2BPV9LR37P2792,2026-08-29,cust_2S4Z9V22T92794,489763,INR,paid,pay_7N1NKRBCSR2793
order_P0EE20HGV02798,2026-08-30,cust_XXT0YSM18R2800,1741786,INR,paid,pay_BN0EF9L1BX2799
order_Q74FTBNUTW2801,2026-08-30,cust_F2JK7KQ9062803,76874,INR,paid,pay_TXY23BAQAF2802
order_G4P09QZDW42804,2026-08-30,cust_N2SBRT9STN2806,1698011,INR,paid,pay_BNSBF2ZCHE2805
order_A2M7XXHVMY2807,2026-08-30,cust_3J6XL8AAH22809,321148,INR,paid,pay_SU03XUJF6Y2808
order_PTV5UWMQWH2810,2026-08-30,cust_DF4A5GJUX42812,1187068,INR,paid,pay_2PQL3T87FC2811
order_W0T56GFX9J2815,2026-08-31,cust_H2HEV1SS0F2817,8955095,INR,paid,pay_E95C9TEA7H2816
order_RD5ZVMV7P92818,2026-08-31,cust_6HKXRMXGLF2820,10469764,INR,paid,pay_XMR76U75AD2819
order_LL16D212BK2821,2026-08-31,cust_9JGAAN6AB42823,1404694,INR,paid,pay_3ZPPZ5E2V12822
order_9D9823QLC72824,2026-08-31,cust_42M2YD6UTX2826,1272189,INR,paid,pay_C8RT8TK37V2825
order_4QRAC5SC0Q2830,2026-09-01,cust_6ZHJXN6BDY2832,107212,INR,paid,pay_XF38XKKT512831
order_2PNJ73QPSJ2833,2026-09-01,cust_MMXPGCQQ6D2835,210982,INR,paid,pay_KY1L9Q5JQ72834
order_VKPSCP4ATN2836,2026-09-01,cust_JZ7AT5Q4G92838,163009,INR,paid,pay_NQNH8PTZ1F2837
order_H620B0UZYV2839,2026-09-01,cust_BWPK4N399Z2841,1690918,INR,paid,pay_VKGZ7Q5L3U2840
order_J9PCQ559PP2842,2026-09-01,cust_ZFBJXA13392844,200171,INR,paid,pay_FZBRLG8Z2Y2843
order_C15QV726FV2845,2026-09-01,cust_VK60LKGWY12847,1859382,INR,paid,pay_3RKYFAQ9XM2846
order_UP2QSXUANY2848,2026-09-01,cust_87PCDKFBK52850,9411607,INR,paid,pay_WU2Z3ZNE6D2849
order_QLY05PMLPU2851,2026-09-01,cust_CAV931B4PK2853,108477,INR,paid,pay_84TPE31AGH2852
order_4N68YZTF632854,2026-09-01,cust_UY7RT23VS72856,207937,INR,paid,pay_DBN7G2UZGA2855
order_18WP8C1LWD2859,2026-09-02,cust_VQYS91XMHM2861,168819,INR,paid,pay_KRC80T1LSQ2860
order_CR84EA9CPX2862,2026-09-02,cust_1S4T53HF3F2864,1065531,INR,paid,pay_V2U03AVDP62863
order_XCR1WY28EC2865,2026-09-02,cust_21AGQ8WWAB2867,222889,INR,paid,pay_CVHW9QPPZJ2866
order_6N9AGBEMUY2868,2026-09-02,cust_1ZCYXHGQ242870,1897112,INR,paid,pay_5GFZD0FUHN2869
order_7E6AAVKPLZ2871,2026-09-02,cust_NTYLJCSCDP2873,218292,INR,paid,pay_B7G3FKQPJE2872
order_67Z9Y0K4SA2874,2026-09-02,cust_0ZE3W7FLHH2876,403179,INR,paid,pay_01GEM2JCQD2875
order_EFHJQQNDMW2877,2026-09-02,cust_X38GB0G1DU2879,227862,INR,paid,pay_Y87JD3KQHU2878
order_FEKDP3A9H12880,2026-09-02,cust_SCRT3WSTYB2882,52702,INR,paid,pay_TGASS2CE7G2881
order_MWNU510FYN2885,2026-09-03,cust_U09WAJ0J402887,122904,INR,paid,pay_CG1U7J91H62886
order_0J13ANV9JT2888,2026-09-03,cust_7UCLEZ7JPF2890,112196,INR,paid,pay_126CH1Z0L72889
order_MNXKX0CA9W2891,2026-09-03,cust_KAZQXNFNH82893,81600,INR,paid,pay_9V0E4MGZDX2892
order_BXQUKRKJHA2894,2026-09-03,cust_78QSN56KVC2896,118351,INR,paid,pay_FKTSQGTETB2895
order_39KQFP79F82897,2026-09-03,cust_93PXZ864UY2899,39982,INR,paid,pay_GAC0KVL2Y52898
order_V89KN7KWVU2900,2026-09-03,cust_BXCRSXZQ9M2902,211028,INR,paid,pay_MJWNWHE59M2901
order_AS416300CJ2903,2026-09-03,cust_PEP0ZNGZJ12905,4664856,INR,paid,pay_7VW84FJD6W2904
order_C6UFSSQAHA2906,2026-09-03,cust_VTPPE6GHZQ2908,181562,INR,paid,pay_0FTUYK0VY52907
order_4L35BFBCPV2909,2026-09-03,cust_8F681DJHZK2911,830129,INR,paid,pay_QUV7ZY2E992910
order_53Q8J7UCPP2912,2026-09-03,cust_U4PHV9P15V2914,705816,INR,paid,pay_HLLMQWSC4A2913
order_7SA5BQ102Y2915,2026-09-03,cust_JHP82L6S4J2917,234951,INR,paid,pay_1AA40JLKHM2916
order_PPNAVZ3LC12918,2026-09-03,cust_SPX9TFH9V32920,217110,INR,paid,pay_11CTYQGMNS2919
order_MHB0R5F6BV2921,2026-09-03,cust_ZSLER7NGP22923,78421,INR,paid,pay_Q0S9GF2XYZ2922
order_X7M71539762924,2026-09-03,cust_SEYQBVM37J2926,8608160,INR,paid,pay_7ZPZ3EPVF72925
order_AFA91G0S5B2929,2026-09-04,cust_5Q04MC1HCM2931,163261,INR,paid,pay_VFX6Q9B0502930
order_VQMDZ804LT2932,2026-09-04,cust_AHHXVG57PM2934,123237,INR,paid,pay_Z6GZZ4NL752933
order_38X282EC9X2935,2026-09-04,cust_TT7DL0NK712937,163578,INR,paid,pay_6NY806UPN22936
order_Y1SX9400SS2938,2026-09-04,cust_JSBZR47LAT2940,1931753,INR,paid,pay_4FYYRT4SWC2939
order_QSXBR4YTC62941,2026-09-04,cust_HR20V9CTB62943,910226,INR,paid,pay_9AZQPNZ1NM2942
order_13CRPJ7N6S2946,2026-09-05,cust_73C6HWH1V92948,216648,INR,paid,pay_HXKDUEDFBM2947
order_66N9NRB3FS2949,2026-09-05,cust_BYM2CM5B192951,1217801,INR,paid,pay_SPW4ZT69PX2950
order_6D6FHLMR1G2952,2026-09-05,cust_GPR7284AX82954,208137,INR,paid,pay_PHJN75SZ9V2953
order_C1ZHB3TC7C2955,2026-09-05,cust_QS9Y5P3XUA2957,27237,INR,paid,pay_59PV49T8NA2956
order_J6M8DANH482958,2026-09-05,cust_TSTCWPBNMC2960,1550634,INR,paid,pay_R0SRF379W82959
order_3AXK3DHZLP2961,2026-09-05,cust_1YSARB4HYT2963,1029600,INR,paid,pay_CJ10NQBLRY2962
order_5PLBHKYPFW2964,2026-09-05,cust_JDV9HCRDYV2966,1681552,INR,paid,pay_ABUJNFJC092965
order_P9Y474P9KT2967,2026-09-05,cust_N8J3TJYG8X2969,127415,INR,paid,pay_XWR9GZFL7K2968
order_5299FXXCRD2970,2026-09-05,cust_XAU8UHWB8J2972,1015732,INR,paid,pay_8H3XVS850G2971
order_UCRXB42ZYY2973,2026-09-05,cust_44XV4477TZ2975,196505,INR,paid,pay_PZX88ED8JK2974
order_ZQXBL434SB2979,2026-09-06,cust_NEUZHNTG7D2981,96379,INR,paid,pay_0VHKK7K61Z2980
order_XRUYYXZ3MH2982,2026-09-06,cust_AVFB82DUNF2984,105461,INR,paid,pay_3PPZ6228DY2983
order_X6WLF5QQ102985,2026-09-06,cust_FCZZNFFGZP2987,248639,INR,paid,pay_CRE2C998YB2986
order_UDCNRP3R7C2988,2026-09-06,cust_U49G2431RT2990,116303,INR,paid,pay_MAR49LEP9V2989
order_QV8FMUM13U2991,2026-09-06,cust_L732R4W9F62993,1390174,INR,paid,pay_6TK2VTBS5N2992
order_TLV094FVS02994,2026-09-06,cust_NTAK0A0T002996,884079,INR,paid,pay_PXRFWX31VK2995
order_9EHMJKRJT02997,2026-09-06,cust_D0EP827V9W2999,1944123,INR,paid,pay_7JMDQ5PQ7T2998
order_SXW0W41Z583000,2026-09-06,cust_SSSP2QL5CZ3002,23389,INR,paid,pay_0ADYXEJ1633001
order_YNSSMCDUKF3003,2026-09-06,cust_WFF9YBX2ZG3005,123773,INR,paid,pay_834S5GZJDR3004
order_WDFSNMM8633006,2026-09-06,cust_A1C8E7CCZK3008,240357,INR,paid,pay_2PM7DTJPPG3007
order_TY5U2ZBXJ63009,2026-09-06,cust_NCVA66ZHQC3011,1358858,INR,paid,pay_BMY3GHUPW83010
order_2Y1CMQN1F23014,2026-09-07,cust_XK25JDR16D3016,121307,INR,paid,pay_YX8B2KS5WX3015
order_HAAY37C3AW3017,2026-09-07,cust_MRZNQQBZT93019,92235,INR,paid,pay_5EEMF9F05N3018
order_WF2X6D4UNK3020,2026-09-07,cust_9XXHBKCVEE3022,1719816,INR,paid,pay_G9QCKTM1S23021
order_8CWGDQNU1Z3023,2026-09-07,cust_N5DAUH1SQ43025,1391633,INR,paid,pay_RQ2NRAW6ZV3024
order_KG5AT4DHMX3026,2026-09-07,cust_504ZCYG7RR3028,179444,INR,paid,pay_LQP6F4Z09G3027
order_70ZAS1MA6W3031,2026-09-08,cust_EH38BHBQ3A3033,15524,INR,paid,pay_3KM4HL2BJ03032
order_TAE5DDNJ713034,2026-09-08,cust_FT5J08JGGX3036,1486412,INR,paid,pay_L9BY95577D3035
order_1V3B74NWZ03037,2026-09-08,cust_5U9MYCD7YG3039,1870906,INR,paid,pay_HLKCYHPZ1R3038
order_926NZHJH773040,2026-09-08,cust_PRZ06HMYKC3042,79547,INR,paid,pay_S84U74RZXV3041
order_0S3HK07HF23043,2026-09-08,cust_CW19J86ZQR3045,379146,INR,paid,pay_NPZRCPER6P3044
order_3LDJT7S68H3046,2026-09-08,cust_LJJQF4583X3048,623158,INR,paid,pay_HML1NUZH4Q3047
order_T4ZDWW676F3049,2026-09-08,cust_YR8EEX7YCK3051,1440465,INR,paid,pay_5VPEJVPVWP3050
order_T8CN0Z4Y2M3052,2026-09-08,cust_WB1TQTTGDE3054,172141,INR,paid,pay_SNNG205A9W3053
order_76SNYTKHAG3055,2026-09-08,cust_WP9V8EGFW73057,234847,INR,paid,pay_9E82HPKRZ43056
order_5Z1DF2UL0M3058,2026-09-08,cust_XS0LKRUA7F3060,878239,INR,paid,pay_VXWU2LAMHQ3059
order_R9ED4YG1NX3062,2026-09-08,cust_7X1E08CX3S3064,218594,INR,paid,pay_JESFMALLUG3063
order_XTHNPN31ZA3065,2026-09-08,cust_Z6LDXMVMLF3067,247755,INR,paid,pay_J9XEX3WH4G3066
order_GULT8HUHUA3068,2026-09-08,cust_WKAHLBG4VC3070,1598730,INR,paid,pay_FP8Z1NHUL23069
order_8VV388911Z3071,2026-09-08,cust_G2VTHWNKHB3073,246398,INR,paid,pay_VEK5MHR05W3072
order_LAJWRSLR343076,2026-09-09,cust_16VD77JEC43078,1886530,INR,paid,pay_C460BVJN733077
order_DBRPCZEB7K3079,2026-09-09,cust_3PM73QWMQG3081,86475,INR,paid,pay_U5JYTM3YUE3080
order_N0NL539B6C3082,2026-09-09,cust_EF3MFNWRV53084,143931,INR,paid,pay_TMQY5QF9ZR3083
order_6A76ZAVU1N3085,2026-09-09,cust_WYESTYTLLZ3087,223572,INR,paid,pay_Y50822JERA3086
order_NNCWEYUG2P3088,2026-09-09,cust_3Q1YAXBSE73090,36329,INR,paid,pay_YHGB27VXGQ3089
order_WJHEL4W3R73093,2026-09-10,cust_LRD3XSBBRG3095,1821033,INR,paid,pay_PEFVPRGB813094
order_2VZFCCJE8K3096,2026-09-10,cust_3E364NMEU63098,760560,INR,paid,pay_VESBF4CJ9S3097
order_BTNV7SPPVV3099,2026-09-10,cust_AEAUHNHRXZ3101,43548,INR,paid,pay_JGC2ZECBU13100
order_VJD6KJQY353102,2026-09-10,cust_64ZEP865EJ3104,9637240,INR,paid,pay_JF70E975733103
order_Q5LCT86QCT3105,2026-09-10,cust_QTHB71VCRG3107,426212,INR,paid,pay_ZHSWX828F53106
order_W8XNGWR1JC3108,2026-09-10,cust_B2Q9W25AJD3110,1937909,INR,paid,pay_ZTVNRM4FWS3109
order_YN5TMDYYYX3111,2026-09-10,cust_89LJGCC5JA3113,3253315,INR,paid,pay_QWTUC492553112
order_V7EHMU1G4Z3114,2026-09-10,cust_92STK3JUV73116,208106,INR,paid,pay_7ATGBV326F3115
order_26FHBH855A3117,2026-09-10,cust_5RJV0396SD3119,1430593,INR,paid,pay_QRLW5DUUQB3118
order_SQ8G548KS13120,2026-09-10,cust_F83URJRFSY3122,369636,INR,paid,pay_LU5BU9HGND3121
order_8HL5ZF6DBR3123,2026-09-10,cust_BXP0JWFKPH3125,453208,INR,paid,pay_TR5TNKY06U3124
order_RZNSJW3HH23128,2026-09-11,cust_P4WK19JZDG3130,1168004,INR,paid,pay_GWVTK2FTXW3129
order_VCMNJNYZQY3131,2026-09-11,cust_7WC78F4PZS3133,1467458,INR,paid,pay_8DPXL89BXB3132
order_MT6776SUT03134,2026-09-11,cust_08J0V3J5ZZ3136,8008399,INR,paid,pay_SRCV3UDD3A3135
order_QYU0BGJHBS3137,2026-09-11,cust_3DQKS5B4K13139,165532,INR,paid,pay_B5LZSYN3CF3138
order_G6UNH1DPJZ3140,2026-09-11,cust_YKR3F7S2SX3142,243930,INR,paid,pay_DQVR89STK53141
order_YY58HM4NG73143,2026-09-11,cust_LPP1J60G523145,1819627,INR,paid,pay_UK4G9QJKTB3144
order_TCT0XZGFL03146,2026-09-11,cust_C6UXYL9J423148,1857352,INR,paid,pay_Q8FHBYAJJL3147
order_MPPWSPQ5NJ3149,2026-09-11,cust_J0A74LESNS3151,81441,INR,paid,pay_49P2MFYHCA3150
order_0XP7EZY6RH3152,2026-09-11,cust_D6PQ54QGJ63154,239854,INR,paid,pay_BYMANE5QBZ3153
order_FV9XDL5ZB93155,2026-09-11,cust_FLH9TYMRW23157,827046,INR,paid,pay_K2BAD6KMB63156
order_7WXXAXGVXC3161,2026-09-12,cust_M83XGHUJCV3163,214731,INR,paid,pay_U4MR12U1J43162
order_WCS1KG70SN3164,2026-09-12,cust_28ZW4TEFD13166,817049,INR,paid,pay_UNUG304SC43165
order_3UF84R4WP53167,2026-09-12,cust_9KSR4AT4AU3169,49545,INR,paid,pay_6DELTPH3TY3168
order_N0YE84Z1M33170,2026-09-12,cust_Z06MEKRABX3172,164350,INR,paid,pay_JDQL6PX7HK3171
order_YHZQKVMX003173,2026-09-12,cust_NTER1XNJ8W3175,1458184,INR,paid,pay_BAAX7P2CPB3174
order_T44B7C3CB73176,2026-09-12,cust_F7VUN04F0R3178,1374294,INR,paid,pay_T0GTRR4CDT3177
order_3MFY67VAWS3179,2026-09-12,cust_ETL78ZQESG3181,9691206,INR,paid,pay_Z833H9KU7V3180
order_M2PSMFLJPQ3182,2026-09-12,cust_AUT8SY256E3184,133140,INR,paid,pay_9LHWBA5HPJ3183
order_TH500AUW2Q3185,2026-09-12,cust_Z6301S61CY3187,1648284,INR,paid,pay_FG1VZ417413186
order_ZC2L5Q93TC3190,2026-09-13,cust_LFSRDNFNRR3192,189976,INR,paid,pay_D06JV23NCR3191
order_H8SB1YS8WX3193,2026-09-13,cust_XETN25SY593195,477528,INR,paid,pay_97WZJUYK1G3194
order_N85FRXY1333196,2026-09-13,cust_CHH3JS3V623198,128668,INR,paid,pay_RPY3SE5KW03197
order_UJ39ZH75N33199,2026-09-13,cust_AN5LGJHZEC3201,1074881,INR,paid,pay_6DFAJ7EDWJ3200
order_FTARD7WW9U3204,2026-09-14,cust_D7TZAPRM8D3206,72967,INR,paid,pay_ETLDKU9VNY3205
order_5BJSTAVNFB3207,2026-09-14,cust_6Q73YXS41E3209,1434902,INR,paid,pay_A56GMRXRJ73208
order_6QXWVGU5GM3210,2026-09-14,cust_5DJEYDGPSQ3212,103476,INR,paid,pay_023GXRPJTM3211
order_L6X8MU46NP3213,2026-09-14,cust_RZW5FUMFF23215,1165750,INR,paid,pay_EJCQ4HHK4Y3214
order_1WFCATSN1S3216,2026-09-14,cust_KLAD5KL4183218,2563654,INR,paid,pay_P1TUSPL2FS3217
order_8D84W6GDPN3219,2026-09-14,cust_X8364XU1Z23221,130962,INR,paid,pay_ZPCACCD3PJ3220
order_V5BRUT2PQM3222,2026-09-14,cust_NXH5W7PWE83224,154797,INR,paid,pay_U0Y29UEXU23223
order_710YZ2W2AC3225,2026-09-14,cust_JFALMJWFSX3227,201026,INR,paid,pay_QQ4WKM1T9S3226
order_ZN5JQ712CT3228,2026-09-14,cust_EQ7KMKHBNZ3230,164007,INR,paid,pay_EUK3VPDM6C3229
order_NKLZCFV1JS3231,2026-09-14,cust_15BD48KVV13233,185844,INR,paid,pay_B53XND5PU73232
order_MNRSS321GC3237,2026-09-15,cust_80996LTSSB3239,1230470,INR,paid,pay_YGV0FD081L3238
order_ZF93W2FQVT3240,2026-09-15,cust_62EJP77RAF3242,1919991,INR,paid,pay_DQRGRBH1NT3241
order_BE0PG8ZMBA3243,2026-09-15,cust_PEUAMFL7CM3245,219562,INR,paid,pay_KRGZKPENR13244
order_36MCHMYBRG3246,2026-09-15,cust_0XPMUV9RSP3248,165824,INR,paid,pay_57W1AAAGF53247
order_HZEWU7V3HH3249,2026-09-15,cust_DCR9ANUHMP3251,10069161,INR,paid,pay_5D4AJ6KMCS3250
order_ABZPMSEQJY3252,2026-09-15,cust_HG35YUL9PL3254,184505,INR,paid,pay_M40LZKCLFQ3253
order_GF148HH3523255,2026-09-15,cust_L34QBLLCVF3257,16865,INR,paid,pay_JAMWGXN81S3256
order_PBUAZNE9TE3258,2026-09-15,cust_WLU274DQ783260,958855,INR,paid,pay_DXB4WWA9S83259
order_7DAQB41TUC3261,2026-09-15,cust_L54RJMBHRJ3263,169800,INR,paid,pay_X8QWWAF7L43262
order_CZBMVC1WEE3265,2026-09-15,cust_4381NFLSD43267,1501030,INR,paid,pay_6T6EF5D1TY3266
order_VFR9HDHGTX3268,2026-09-15,cust_1BG6CKG43V3270,176288,INR,paid,pay_271542EXJT3269
order_65CJKPASYQ3271,2026-09-15,cust_DYMT96RZ873273,245697,INR,paid,pay_V48L45JWNK3272
order_NPX6BLSBR83274,2026-09-15,cust_5RQW1YJRE23276,4875568,INR,paid,pay_13N9V0UUTJ3275
order_XM2P1L92MP3279,2026-09-16,cust_VPTUKFEG5X3281,785667,INR,paid,pay_NZ5CUTTZZH3280
order_UX6ULFVMV03282,2026-09-16,cust_7MS0UM84MS3284,805696,INR,paid,pay_R8HZELHH2T3283
order_P97ZHZRAD53285,2026-09-16,cust_RDX5LSWNEB3287,927817,INR,paid,pay_WHSZE9QT6M3286
order_1VR60LVPDE3288,2026-09-16,cust_R4VGKE97C03290,75696,INR,paid,pay_T2A320HB023289
order_T4FYAGGLWA3291,2026-09-16,cust_L28QJHMD1F3293,30223,INR,paid,pay_JNF2CASDM63292
order_UKZC51048S3294,2026-09-16,cust_1A6Q7LR3EY3296,1544150,INR,paid,pay_LCDEUFTTJS3295
order_WT5W63P78L3297,2026-09-16,cust_3B6VGCZPTG3299,145905,INR,paid,pay_QBXW766P043298
order_QDRX3BJ9Y23300,2026-09-16,cust_7WFLFDF8UJ3302,83494,INR,paid,pay_03A2PYV51B3301
order_0VUG9BJTYU3303,2026-09-16,cust_TR65XC42ZW3305,45755,INR,paid,pay_D8YQW1ZRXL3304
order_SYKXELLXU23306,2026-09-16,cust_3WLP17SDKD3308,1268881,INR,paid,pay_5DF7WLL6MT3307
order_J3LBTD8YKB3311,2026-09-17,cust_7N4K9M0YNP3313,91765,INR,paid,pay_1RPS2EE9793312
order_E6F0DRNQD83314,2026-09-17,cust_MBNFQ6DLEC3316,36746,INR,paid,pay_ZUUF9VR23D3315
order_727555R2X53317,2026-09-17,cust_HXSNYHGDJ03319,118821,INR,paid,pay_0VYYVXDPS83318
order_ZPRDJNRNFP3320,2026-09-17,cust_0SB3J3A04U3322,92510,INR,paid,pay_ZEV9WXB5BK3321
order_VV863LG2UR3323,2026-09-17,cust_W6LYLCLQZ83325,42221,INR,paid,pay_SJ55RDMUD33324
order_HLZMS9FVYF3326,2026-09-17,cust_WKRABSEZLV3328,131035,INR,paid,pay_0XETW1UV3S3327
order_907ZXS7AE83329,2026-09-17,cust_37KXCJ8BDV3331,14371752,INR,paid,pay_67YCHV04CQ3330
order_C7RT3CRG2G3332,2026-09-17,cust_WM7YUM8NJ13334,245910,INR,paid,pay_QVA7JF0TY63333
order_0S2AXZWH2H3337,2026-09-18,cust_E8KZ11EJFK3339,6009474,INR,paid,pay_EQPX2NMJSZ3338
order_V07V9682NF3340,2026-09-18,cust_MMYF3SJRAH3342,9567354,INR,paid,pay_3QDYL7DSP03341
order_AH70PGF83R3343,2026-09-18,cust_MNA2NY26PY3345,116164,INR,paid,pay_5B9ZYQ0A2K3344
order_UL9VEAVACP3346,2026-09-18,cust_V0PWJQX2FH3348,112553,INR,paid,pay_L6PBPJV9M43347
order_KARA3X82JE3349,2026-09-18,cust_BP1301Q1V63351,207240,INR,paid,pay_XNEGGL8F573350
order_RL2W8TXANN3352,2026-09-18,cust_NGNKSXJ4X23354,180305,INR,paid,pay_7DMTBQ7ZPY3353
order_XDRDZ185D53355,2026-09-18,cust_L8R88LAEWH3357,1470641,INR,paid,pay_EJ1XKUUE8Y3356
order_72TFR1F2Y43358,2026-09-18,cust_BJVSUNSW563360,1176348,INR,paid,pay_2YJ8LJ0GWT3359
order_R3XXBCFZY13361,2026-09-18,cust_UFK5B20GWQ3363,411112,INR,paid,pay_48NKPZN0AH3362
order_7C4JAJBQPG3364,2026-09-18,cust_BN4QUS8Q0Z3366,149112,INR,paid,pay_ELA3163Q4L3365
order_7RDY983HDL3369,2026-09-19,cust_78DCW9DVAF3371,121496,INR,paid,pay_XPGJM32JWT3370
order_W5ACBEDC4P3372,2026-09-19,cust_R1QCTGPG9W3374,227999,INR,paid,pay_98WS14QV7U3373
order_9QKGNAYUJS3375,2026-09-19,cust_ULUEMW4CQJ3377,27642,INR,paid,pay_MYEGFCNYVA3376
order_42503C0L9W3378,2026-09-19,cust_NB9G8N2RLP3380,1738370,INR,paid,pay_ENVBP6P5UU3379
order_4AM00R8LA63381,2026-09-19,cust_682DX441473383,1967451,INR,paid,pay_HYVFWHQQGE3382
order_JCQDK94W4T3384,2026-09-19,cust_4796HLT6M03386,1727119,INR,paid,pay_CY8MRAP2A03385
order_5EN1U26SZG3387,2026-09-19,cust_9KWJ2DH9ZG3389,240703,INR,paid,pay_VWQ4YMY4VV3388
order_36RQYEW53U3390,2026-09-19,cust_EQS3WDM7W83392,909919,INR,paid,pay_27CZD2AN8P3391
order_VY0NRPKRVZ3393,2026-09-19,cust_9J1NANLTK53395,173898,INR,paid,pay_JTW4DXEWX63394
order_MQJ8A1MYRS3398,2026-09-20,cust_9RFSADQY1Q3400,3514586,INR,paid,pay_G8ZTXZTELW3399
order_L8K36NWVAV3401,2026-09-20,cust_NKZD92M2W03403,249723,INR,paid,pay_40Z4G383JF3402
order_V40D9MPBLZ3404,2026-09-20,cust_1NRBU0CG6L3406,5528702,INR,paid,pay_4M9U15P1PE3405
order_8ARP1VD8U73407,2026-09-20,cust_DG02R03MK93409,4554312,INR,paid,pay_UFF3RSQCQG3408
order_VEUAX50KLY3410,2026-09-20,cust_2CDM0AU2BG3412,93302,INR,paid,pay_EGA8V93FC03411
order_XN8G0JVTEB3413,2026-09-20,cust_YDMTKP9NYT3415,182947,INR,paid,pay_207UW6QKE33414
order_5EEA5L9ZBL3416,2026-09-20,cust_QQNH7FS5WY3418,279330,INR,paid,pay_RBYB334GSX3417
order_LLUMLAM8EY3419,2026-09-20,cust_L23LXCWD6Q3421,388386,INR,paid,pay_MD8YJH41AH3420
order_EQURDRLZCL3422,2026-09-20,cust_Q61YSPTKY93424,167223,INR,paid,pay_7S1KRQ8UUD3423
order_92SGU2RJC83425,2026-09-20,cust_WHJP57LGDD3427,16794,INR,paid,pay_WBXDT87GXB3426
order_6QGE6H7SAB3428,2026-09-20,cust_7P6UT010A43430,77311,INR,paid,pay_NSY198T91X3429
order_DU6SGKAGAN3431,2026-09-20,cust_PRZH1BJ1X63433,109107,INR,paid,pay_39P8KYJUAV3432
order_32UDPG3N163434,2026-09-20,cust_70TL8QQAPY3436,190763,INR,paid,pay_9E5WKSERXR3435
order_25EVZ0X64Q3439,2026-09-21,cust_GD9BUH7W3T3441,2668591,INR,paid,pay_0GCNSBX6P13440
order_LG8855E3G03442,2026-09-21,cust_CSX424HK0W3444,234160,INR,paid,pay_W85MQ2RVEH3443
order_EKHL78ZLSE3445,2026-09-21,cust_QDTP52PH9W3447,1401790,INR,paid,pay_1B9UGYXZN53446
order_B7H3SSGTVA3448,2026-09-21,cust_HD3VC47L293450,1286032,INR,paid,pay_ADTC4Z2CKR3449
order_8XVK5PTS7K3451,2026-09-21,cust_85R6EDWNKY3453,157176,INR,paid,pay_ZH6N22WT4Z3452
order_75HWN1AG6U3454,2026-09-21,cust_HNG2175YK63456,122664,INR,paid,pay_QBSDLY0DCU3455
order_45G43PWA2U3457,2026-09-21,cust_51JL4CKYVR3459,50728,INR,paid,pay_M5LBUP8G723458
order_EW8V2T6JX23460,2026-09-21,cust_1GWYCM1ERS3462,70752,INR,paid,pay_DU058LCP3B3461
order_QFJKD304313463,2026-09-21,cust_TQXQL83E5A3465,1238313,INR,paid,pay_WUAWQMTLH23464
order_R9CX4QMHQ03466,2026-09-21,cust_HB4AYZ7AZL3468,392149,INR,paid,pay_40UYXZJ2HW3467
order_17TUFJNX3M3469,2026-09-21,cust_MXYEZF64ZE3471,2605957,INR,paid,pay_W1K1RW3BC03470
order_9SXPEM5NTS3472,2026-09-21,cust_2F1T0EWK3X3474,239929,INR,paid,pay_X9BE73LHNT3473
order_JS4C8GAGT93475,2026-09-21,cust_HJ18H7RAA93477,46898,INR,paid,pay_GL4ETCSR4V3476
order_G22V2BJELU3480,2026-09-22,cust_N1LD5T8SWE3482,393628,INR,paid,pay_343SK8HKY93481
order_KARQFS3Z2Y3483,2026-09-22,cust_UYDVR81UG13485,235862,INR,paid,pay_7H21Y78GPB3484
order_0KWNJJQB6K3486,2026-09-22,cust_Z7SW1H8AW83488,148407,INR,paid,pay_T70SGM2GPZ3487
order_C9QZTTK6893489,2026-09-22,cust_MZ2K53LJR23491,904923,INR,paid,pay_Y8HMA30Z0N3490
order_M6XQSHPYX63492,2026-09-22,cust_2JUZBJ0UT53494,221240,INR,paid,pay_CLJ8BF57FB3493
order_GFDUAQ8SR53497,2026-09-23,cust_UKJWPQJJSJ3499,1744074,INR,paid,pay_M1BF466YQN3498
order_64M55SZ4XD3500,2026-09-23,cust_V3CQ0N9Q173502,1282930,INR,paid,pay_LG99YMFGU93501
order_MBU5XRZ8V43503,2026-09-23,cust_KWV2F26U243505,874390,INR,paid,pay_6D0RM9XRJD3504
order_E993P2FQWU3506,2026-09-23,cust_FT5P773J1N3508,217808,INR,paid,pay_WJEHX4MQXD3507
order_0YU75F6KJB3509,2026-09-23,cust_D1MWFW7WXG3511,11788045,INR,paid,pay_CHBBGSM8223510
order_C14GA8AASY3512,2026-09-23,cust_YJV9NCYH5H3514,1858974,INR,paid,pay_86MTLM6U133513
order_M8B2FC6S113518,2026-09-24,cust_QZ038RDPKY3520,1688065,INR,paid,pay_27T6KF5HLU3519
order_ZKZW407PWA3521,2026-09-24,cust_T2EM0FSP1R3523,232084,INR,paid,pay_6FD7M9QV503522
order_M4X1VSQCWE3524,2026-09-24,cust_HDYE0SD4853526,1078081,INR,paid,pay_X11PBD1N0K3525
order_GFPZN6R2ZL3527,2026-09-24,cust_V9C6FM0GWU3529,1301573,INR,paid,pay_6LW1456DXZ3528
order_6ADJRPGPJ13530,2026-09-24,cust_UEZ76FJE9T3532,225406,INR,paid,pay_8N6S2BLER33531
order_497GZNY2V73535,2026-09-25,cust_C5K9RGAHYD3537,47575,INR,paid,pay_L29V7T2TZW3536
order_6W1VYBXHAW3538,2026-09-25,cust_3FP430N0U03540,151416,INR,paid,pay_9AGA277SS73539
order_QV44T2QN6K3541,2026-09-25,cust_7UP7RUWDWL3543,67377,INR,paid,pay_K3L8HEYAMP3542
order_WAS6J2B63L3544,2026-09-25,cust_HF4V7Q03ZP3546,268188,INR,paid,pay_ETY74R20BW3545
order_9Y94V8YZ4H3547,2026-09-25,cust_MX6S666TR43549,148500,INR,paid,pay_RHSSS0E3RW3548
order_8T854Z0EF93550,2026-09-25,cust_WAWUYH4Q0W3552,68164,INR,paid,pay_6XZ7QJMCBD3551
order_WEQTVMU2J63553,2026-09-25,cust_ZNZ6WB1L8M3555,18397,INR,paid,pay_GJNQRD2XRN3554
order_78WXADUTZC3558,2026-09-26,cust_K1YK49LYU03560,159160,INR,paid,pay_4J1LBFB4QM3559
order_VFY37HE54W3561,2026-09-26,cust_VA7XWNAZN13563,172731,INR,paid,pay_P4LTWF5C883562
order_K39PZC5BYF3564,2026-09-26,cust_0R4BM69XQ43566,1250800,INR,paid,pay_NC224MEJGW3565
order_KHULVFQ6G63567,2026-09-26,cust_2S8P39H34L3569,1417580,INR,paid,pay_RA3NC9Z9PC3568
order_X2C166ZYY43570,2026-09-26,cust_AUCMX8EBWW3572,121459,INR,paid,pay_RWUGAW46JY3571
order_X78UZ6KC9B3573,2026-09-26,cust_RH10A9H3HF3575,65272,INR,paid,pay_KUHBUFZD5V3574
order_03FQUBT4YC3576,2026-09-26,cust_1C0VVRX3Y83578,1570548,INR,paid,pay_CCVXVCJJ6B3577
order_1PP1U7JLVZ3579,2026-09-26,cust_UMST21RCCC3581,5779307,INR,paid,pay_W8G7C9QRYE3580
order_BT27LWGVA03582,2026-09-26,cust_H12GQBQU0G3584,165010,INR,paid,pay_H4D84PE7A83583
order_DG0SWS20KZ3585,2026-09-26,cust_1841MLY7V73587,105539,INR,paid,pay_4QHKYQ2GJ43586
order_D84H5QQFX73588,2026-09-26,cust_F2XCSSGZM33590,155487,INR,paid,pay_G3CTM0FSS43589
order_8K2UZSFHQ53591,2026-09-26,cust_R1WLVM62A73593,100340,INR,paid,pay_CS873JBNN43592
order_V3STAL3HNY3594,2026-09-26,cust_3KFPSHZYEA3596,503892,INR,paid,pay_NUKWYX0FNK3595
